Date,Open,High,Low,Close,Adj Close,Volume,Year,Series,Ticker
2013-11-18,27.92051887512207,28.373382568359375,27.495378494262695,27.772642135620117,14.78503704071045,2471180,2013,-0.4704598038869431,IRM
2013-11-19,27.707948684692383,27.772642135620117,26.84842872619629,27.439926147460938,14.607913970947266,2635860,2013,-0.011979886778469173,IRM
2013-11-20,27.47689437866211,27.560073852539062,26.469501495361328,26.534196853637695,14.12574291229248,1788871,2013,-0.03300752315585542,IRM
2013-11-21,26.543437957763672,26.74676513671875,26.293899536132812,26.40480613708496,14.056859970092773,2615951,2013,-0.004876411996693197,IRM
2013-11-22,26.386322021484375,26.423290252685547,26.07208824157715,26.24768829345703,13.97321605682373,1151464,2013,-0.00595039812924103,IRM
2013-11-25,26.293899536132812,26.423290252685547,26.02587890625,26.182994842529297,13.938770294189453,1193879,2013,-0.0024651277482721223,IRM
2013-11-26,26.229204177856445,26.24768829345703,25.841035842895508,25.951940536499023,13.815770149230957,1391560,2013,-0.008824318240596152,IRM
2013-11-27,26.035120010375977,26.201478958129883,25.702402114868164,26.044361114501953,13.864968299865723,1897936,2013,0.0035610139791957263,IRM
2013-11-29,26.07208824157715,26.192237854003906,25.905729293823242,25.988908767700195,13.835451126098633,468181,2013,-0.0021289030835631717,IRM
2013-12-02,25.988908767700195,26.090572357177734,25.711645126342773,25.896488189697266,13.786246299743652,1254363,2013,-0.003556430932863619,IRM
2013-12-03,25.757856369018555,25.998151779174805,25.517559051513672,25.72088623046875,13.692764282226562,935714,2013,-0.006780817307668996,IRM
2013-12-04,25.6746768951416,26.340110778808594,25.462106704711914,26.25693130493164,13.978133201599121,2493577,2013,0.02084085532261537,IRM
2013-12-05,26.26617431640625,26.65434455871582,26.007394790649414,26.099815368652344,13.894492149353027,1576799,2013,-0.005983706911343867,IRM
2013-12-06,26.238447189331055,26.65434455871582,26.21996307373047,26.478742599487305,14.096219062805176,1141294,2013,0.01451848050895066,IRM
2013-12-09,26.469501495361328,26.73752212524414,26.386322021484375,26.49722671508789,14.106060028076172,1016972,2013,0.000698128003484566,IRM
2013-12-10,26.682069778442383,26.820701599121094,26.36783790588379,26.377079010009766,14.042097091674805,818749,2013,-0.00453442961918904,IRM
2013-12-11,26.377079010009766,27.208871841430664,26.3123836517334,26.959335327148438,14.352069854736328,2723827,2013,0.022074534952852387,IRM
2013-12-12,26.84842872619629,27.005544662475586,26.524953842163086,26.84842872619629,14.293021202087402,2053420,2013,-0.004114295237312993,IRM
2013-12-13,26.913124084472656,27.37523078918457,26.876155853271484,27.255083084106445,14.509513854980469,1331834,2013,0.01514673838596492,IRM
2013-12-16,27.27356719970703,27.5323486328125,27.03327178955078,27.28281021118164,14.524266242980957,1711291,2013,0.001016738958171448,IRM
2013-12-17,27.070240020751953,27.245840072631836,26.55267906188965,26.682069778442383,14.20445728302002,1673962,2013,-0.022018940895929262,IRM
2013-12-18,26.65434455871582,27.310535430908203,26.478742599487305,27.12569236755371,14.440629005432129,1993585,2013,0.016626592463650836,IRM
2013-12-19,27.12569236755371,27.365989685058594,26.866912841796875,27.014787673950195,14.381584167480469,1276111,2013,-0.004088799589647363,IRM
2013-12-20,27.09796714782715,27.569316864013672,27.024030685424805,27.550832748413086,14.666955947875977,2445645,2013,0.019842861333787543,IRM
2013-12-23,27.61552619934082,28.086875915527344,27.5323486328125,27.8188533782959,14.809637069702148,1729361,2013,0.00972806643268287,IRM
2013-12-24,27.51386260986328,28.271718978881836,27.3382625579834,28.234750747680664,15.167097091674805,1094876,2013,0.024136987306998536,IRM
2013-12-26,28.280960083007812,28.465803146362305,27.96672821044922,28.271718978881836,15.1869535446167,1108942,2013,0.0013091795234034809,IRM
2013-12-27,28.39186668395996,28.39186668395996,28.022180557250977,28.234750747680664,15.167097091674805,531695,2013,-0.001307467813314922,IRM
2013-12-30,28.1423282623291,28.40110969543457,28.096118927001953,28.179298400878906,15.137307167053223,861921,2013,-0.001964115113229803,IRM
2013-12-31,28.280960083007812,28.382625579833984,27.846580505371094,28.049907684326172,15.067805290222168,838658,2013,-0.004591429378028811,IRM
2014-01-02,27.96672821044922,28.170055389404297,27.005544662475586,27.255083084106445,14.640843391418457,2041085,2014,-0.028336037702901273,IRM
2014-01-03,27.347505569458008,27.504621505737305,27.04251480102539,27.199630737304688,14.611048698425293,1161635,2014,-0.002035039389235438,IRM
2014-01-06,27.301294326782227,27.61552619934082,26.8576717376709,27.060998916625977,14.536581993103027,1300672,2014,-0.005096602362997471,IRM
2014-01-07,27.116451263427734,27.218114852905273,26.12754249572754,26.589649200439453,14.283382415771484,3799659,2014,-0.017418095770496467,IRM
2014-01-08,26.7005558013916,26.977819442749023,25.711645126342773,26.07208824157715,14.00536060333252,4482185,2014,-0.019464704111819997,IRM
2014-01-09,26.081331253051758,26.1552677154541,25.406654357910156,25.87800407409668,13.901103019714355,2524739,2014,-0.007444119903157409,IRM
2014-01-10,25.887245178222656,25.91497230529785,25.471349716186523,25.748613357543945,13.831595420837402,2611299,2014,-0.005000149900218576,IRM
2014-01-13,25.6746768951416,25.77634048461914,24.981515884399414,25.59149742126465,13.74719524383545,4574912,2014,-0.006101984220475698,IRM
2014-01-14,25.68391990661621,25.77634048461914,25.397411346435547,25.406654357910156,13.647902488708496,2423031,2014,-0.007222764597853426,IRM
2014-01-15,25.37892723083496,25.656192779541016,25.24029541015625,25.406654357910156,13.647902488708496,8011344,2014,0.0,IRM
2014-01-16,25.406654357910156,25.573013305664062,24.916820526123047,25.360443115234375,13.623078346252441,3806260,2014,-0.0018188979937827643,IRM
2014-01-17,25.443622589111328,25.813308715820312,25.360443115234375,25.425138473510742,13.6578369140625,2922374,2014,0.0025514473987899855,IRM
2014-01-21,25.471349716186523,25.554529190063477,24.547134399414062,25.406654357910156,13.647902488708496,2782579,2014,-0.0007273791169504218,IRM
2014-01-22,25.517559051513672,25.951940536499023,25.508317947387695,25.757856369018555,13.836560249328613,1799691,2014,0.013823205490821833,IRM
2014-01-23,25.62846565246582,25.785581588745117,25.314233779907227,25.76709747314453,13.841527938842773,1885710,2014,0.00035902633491602387,IRM
2014-01-24,25.545286178588867,25.665433883666992,25.129390716552734,25.332717895507812,13.608186721801758,4139840,2014,-0.01685805339352764,IRM
2014-01-27,25.323474884033203,25.711645126342773,25.09242057800293,25.13863182067871,13.503925323486328,2640513,2014,-0.007661667233621383,IRM
2014-01-28,25.10166358947754,25.452865600585938,25.055452346801758,25.175600051879883,13.523788452148438,1929531,2014,0.0014709151736467252,IRM
2014-01-29,25.018484115600586,25.24029541015625,24.695009231567383,24.71349334716797,13.27554988861084,1802396,2014,-0.018355697030898344,IRM
2014-01-30,24.85212516784668,24.981515884399414,24.62107276916504,24.70425033569336,13.270586967468262,1152005,2014,-0.00037383921451239477,IRM
2014-01-31,24.436229705810547,24.648799896240234,24.31608009338379,24.40850257873535,13.111720085144043,2750119,2014,-0.011971353091891679,IRM
2014-02-03,24.47319793701172,24.556377410888672,23.798521041870117,23.937152862548828,12.858515739440918,3496267,2014,-0.019311298903491148,IRM
2014-02-04,24.112754821777344,24.51016616821289,24.02957534790039,24.390018463134766,13.101789474487305,2127104,2014,0.01891927030895113,IRM
2014-02-05,24.214418411254883,24.51016616821289,24.186691284179688,24.445470809936523,13.131574630737305,1751866,2014,0.002273365505376157,IRM
2014-02-06,24.47319793701172,25.120147705078125,24.454713821411133,24.963031768798828,13.409599304199219,2178282,2014,0.021172226582114373,IRM
2014-02-07,25.13863182067871,25.38817024230957,24.62107276916504,24.71349334716797,13.27554988861084,2799350,2014,-0.009996526558880947,IRM
2014-02-10,24.824399948120117,25.332717895507812,24.741220474243164,24.935304641723633,13.39470386505127,3266774,2014,0.008975445645581281,IRM
2014-02-11,24.935304641723633,25.268022537231445,24.926063537597656,25.064695358276367,13.464204788208008,1601144,2014,0.005188686801660181,IRM
2014-02-12,25.11090660095215,25.203327178955078,24.89833641052246,25.120147705078125,13.494003295898438,1276219,2014,0.0022131650668688607,IRM
2014-02-13,25.009241104125977,25.536043167114258,24.95378875732422,25.517559051513672,13.707478523254395,1032553,2014,0.01582000705608566,IRM
2014-02-14,25.48983383178711,25.961183547973633,25.406654357910156,25.887245178222656,13.90606689453125,1071396,2014,0.014487593100361629,IRM
2014-02-18,25.896488189697266,26.201478958129883,25.757856369018555,26.11829948425293,14.030184745788574,1341788,2014,0.008925446152293182,IRM
2014-02-19,25.998151779174805,26.414047241210938,25.998151779174805,26.16451072692871,14.055007934570312,1176459,2014,0.00176927027202467,IRM
2014-02-20,26.16451072692871,26.25693130493164,25.97042465209961,26.1552677154541,14.050041198730469,1260422,2014,-0.00035337837324356247,IRM
2014-02-21,26.201478958129883,26.55267906188965,26.02587890625,26.441774368286133,14.203946113586426,1577231,2014,0.01095405434610841,IRM
2014-02-24,26.478742599487305,26.977819442749023,26.36783790588379,26.451017379760742,14.20891284942627,1641286,2014,0.00034967295708709933,IRM
2014-02-25,26.423290252685547,26.709796905517578,26.330869674682617,26.617374420166016,14.298274993896484,1378468,2014,0.006289161276249455,IRM
2014-02-26,26.728281021118164,26.802217483520508,26.275415420532227,26.36783790588379,14.164231300354004,1062632,2014,-0.009374815745235021,IRM
2014-02-27,26.349353790283203,26.728281021118164,26.146026611328125,26.25693130493164,14.104654312133789,2263544,2014,-0.004206157535617594,IRM
2014-02-28,26.663585662841797,26.88539695739746,25.064695358276367,25.13863182067871,13.503925323486328,3499837,2014,-0.04259083387323237,IRM
2014-03-03,24.86136817932129,25.4805908203125,24.602588653564453,25.369686126708984,13.628045082092285,2330195,2014,0.009191383663095687,IRM
2014-03-04,25.508317947387695,25.8317928314209,25.406654357910156,25.573013305664062,13.73727035522461,1554185,2014,0.008014742574916411,IRM
2014-03-05,25.619224548339844,25.794824600219727,25.43438148498535,25.536043167114258,13.717409133911133,968823,2014,-0.001445790961369764,IRM
2014-03-06,25.563770294189453,25.573013305664062,25.258779525756836,25.43438148498535,13.662797927856445,1110998,2014,-0.0039811604014697854,IRM
2014-03-07,25.4805908203125,25.988908767700195,25.443622589111328,25.702402114868164,13.806772232055664,2432228,2014,0.010537688177739701,IRM
2014-03-10,25.665433883666992,26.044361114501953,25.665433883666992,25.988908767700195,13.960679054260254,1668769,2014,0.011147197883605298,IRM
2014-03-11,26.007394790649414,26.173751831054688,25.43438148498535,25.517559051513672,13.707478523254395,2137491,2014,-0.01813669163382081,IRM
2014-03-12,25.397411346435547,25.711645126342773,25.24029541015625,25.711645126342773,13.811732292175293,1150599,2014,0.007605612421280439,IRM
2014-03-13,25.757856369018555,25.905729293823242,25.38817024230957,25.48983383178711,13.692584991455078,1441981,2014,-0.008626528389035992,IRM
2014-03-14,25.4805908203125,25.841035842895508,25.29574966430664,25.34195899963379,13.613150596618652,956921,2014,-0.0058012708985190065,IRM
2014-03-17,25.48983383178711,25.693161010742188,25.425138473510742,25.6746768951416,13.791876792907715,1094768,2014,0.013128936980500105,IRM
2014-03-18,25.6746768951416,26.25693130493164,25.62846565246582,26.21996307373047,14.084796905517578,1331617,2014,0.021238596966041134,IRM
2014-03-19,26.229204177856445,26.39556312561035,25.91497230529785,26.10905647277832,14.025218963623047,1318850,2014,-0.004229946820972108,IRM
2014-03-20,26.081331253051758,26.11829948425293,25.656192779541016,25.748613357543945,13.831595420837402,1057439,2014,-0.013805384663714837,IRM
2014-03-21,25.517559051513672,25.951940536499023,25.415895462036133,25.517559051513672,13.841619491577148,2259216,2014,0.0007247226682647323,IRM
2014-03-24,25.609981536865234,25.6746768951416,25.231054306030273,25.554529190063477,13.86167049407959,1249710,2014,0.0014486023484927557,IRM
2014-03-25,25.517559051513672,25.619224548339844,25.166358947753906,25.175600051879883,13.656134605407715,1401947,2014,-0.014827642076736813,IRM
2014-03-26,25.415895462036133,25.4805908203125,25.129390716552734,25.129390716552734,13.631065368652344,1086436,2014,-0.0018357490959003409,IRM
2014-03-27,25.120147705078125,25.13863182067871,24.85212516784668,24.879852294921875,13.495711326599121,1014375,2014,-0.009929821212984469,IRM
2014-03-28,24.944547653198242,25.314233779907227,24.935304641723633,25.036968231201172,13.5809326171875,992951,2014,0.006314694240711294,IRM
2014-03-31,25.018484115600586,25.48983383178711,24.981515884399414,25.4805908203125,13.821564674377441,1871427,2014,0.01771837501685325,IRM
2014-04-01,25.573013305664062,25.76709747314453,25.52680206298828,25.73012924194336,13.956927299499512,1895664,2014,0.009793581863637213,IRM
2014-04-02,25.748613357543945,26.035120010375977,25.6746768951416,25.97966766357422,14.09228801727295,2279017,2014,0.009698461191976815,IRM
2014-04-03,25.822551727294922,26.035120010375977,25.129390716552734,25.332717895507812,13.74135971069336,2453110,2014,-0.024902152592216176,IRM
2014-04-04,25.536043167114258,25.8317928314209,25.369686126708984,25.49907684326172,13.831598281860352,1994018,2014,0.006566931735057402,IRM
2014-04-07,25.49907684326172,25.693161010742188,25.397411346435547,25.406654357910156,13.781463623046875,1678182,2014,-0.0036246468261897924,IRM
2014-04-08,25.462106704711914,25.471349716186523,25.19408416748047,25.369686126708984,13.7614107131958,2128943,2014,-0.0014550638741692712,IRM
2014-04-09,25.397411346435547,25.896488189697266,25.332717895507812,25.887245178222656,14.042153358459473,1315171,2014,0.02040071698423107,IRM
2014-04-10,25.924213409423828,26.293899536132812,25.24953842163086,25.24953842163086,13.696235656738281,2084581,2014,-0.024634234713922898,IRM
2014-04-11,25.09242057800293,25.175600051879883,24.23290252685547,24.288354873657227,13.174856185913086,2196460,2014,-0.03806735543197859,IRM
2014-04-14,24.399261474609375,24.5194091796875,24.186691284179688,24.343807220458984,13.204936027526855,1575176,2014,0.002283124854594698,IRM
2014-04-15,24.288354873657227,24.40850257873535,23.98336410522461,24.27911376953125,13.16984748840332,1236726,2014,-0.0026572290127260256,IRM
2014-04-16,24.40850257873535,25.59149742126465,24.242143630981445,25.203327178955078,13.671171188354492,4408825,2014,0.038066021675088546,IRM
2014-04-17,25.221811294555664,25.29574966430664,24.75046157836914,25.04621124267578,13.585945129394531,2443372,2014,-0.00623399837407923,IRM
2014-04-21,24.990758895874023,25.415895462036133,24.990758895874023,25.212568283081055,13.676182746887207,933982,2014,0.00664198306656183,IRM
2014-04-22,25.268022537231445,25.462106704711914,25.203327178955078,25.425138473510742,13.791491508483887,813123,2014,0.00843135571750997,IRM
2014-04-23,25.4805908203125,26.59889030456543,25.471349716186523,25.813308715820312,14.002045631408691,1997480,2014,0.015266958094799277,IRM
2014-04-24,25.942699432373047,25.988908767700195,25.804067611694336,25.961183547973633,14.082259178161621,1569982,2014,0.005728701995728391,IRM
2014-04-25,25.97042465209961,25.988908767700195,25.48983383178711,25.517559051513672,13.841619491577148,777417,2014,-0.017088144987251086,IRM
2014-04-28,25.646949768066406,25.822551727294922,25.452865600585938,25.73012924194336,13.956927299499512,767679,2014,0.008330514214216711,IRM
2014-04-29,25.841035842895508,25.97042465209961,25.757856369018555,25.933456420898438,14.067215919494629,826215,2014,0.007902070250023652,IRM
2014-04-30,25.924213409423828,26.284658432006836,25.794824600219727,26.284658432006836,14.25772762298584,1428456,2014,0.013542957226326147,IRM
2014-05-01,26.275415420532227,26.543437957763672,26.01663589477539,26.146026611328125,14.182523727416992,1999644,2014,-0.00527460599314622,IRM
2014-05-02,26.007394790649414,26.10905647277832,25.68391990661621,25.97966766357422,14.09228801727295,1285849,2014,-0.0063624579008885185,IRM
2014-05-05,25.850276947021484,25.933456420898438,25.462106704711914,25.693161010742188,13.936877250671387,1226122,2014,-0.011028071978877785,IRM
2014-05-06,25.62846565246582,25.72088623046875,25.332717895507812,25.351200103759766,13.751384735107422,1272973,2014,-0.013309474728639747,IRM
2014-05-07,25.351200103759766,25.406654357910156,24.972274780273438,25.073936462402344,13.600982666015625,1105371,2014,-0.010937230830857292,IRM
2014-05-08,25.055452346801758,25.24029541015625,24.796672821044922,24.89833641052246,13.50573444366455,988732,2014,-0.007003039757492502,IRM
2014-05-09,24.85212516784668,24.95378875732422,24.676525115966797,24.935304641723633,13.525790214538574,661535,2014,0.0014849818762303624,IRM
2014-05-12,25.055452346801758,25.609981536865234,25.055452346801758,25.369686126708984,13.7614107131958,1342221,2014,0.01742009116805332,IRM
2014-05-13,25.406654357910156,25.63770866394043,25.231054306030273,25.62846565246582,13.901777267456055,1554509,2014,0.010200011989007551,IRM
2014-05-14,26.40480613708496,27.87430763244629,26.36783790588379,27.4676513671875,14.899422645568848,7478243,2014,0.07176387298682108,IRM
2014-05-15,27.347505569458008,27.560073852539062,27.116451263427734,27.356746673583984,14.839262962341309,4537367,2014,-0.004037719088761493,IRM
2014-05-16,27.28281021118164,27.8188533782959,27.245840072631836,27.735675811767578,15.044805526733398,3593538,2014,0.013851265046903594,IRM
2014-05-19,27.72643280029297,28.022180557250977,27.61552619934082,27.855823516845703,15.109979629516602,1220280,2014,0.004332000348385545,IRM
2014-05-20,27.883548736572266,27.90203285217285,27.356746673583984,27.57855796813965,14.959579467773438,1865260,2014,-0.009953697187609967,IRM
2014-05-21,27.61552619934082,27.72643280029297,27.245840072631836,27.541589736938477,14.93952751159668,1537089,2014,-0.0013404090816827585,IRM
2014-05-22,27.38447380065918,27.606285095214844,27.199630737304688,27.560073852539062,14.949553489685059,1269294,2014,0.0006711040948648161,IRM
2014-05-23,27.541589736938477,27.828096389770508,27.504621505737305,27.791128158569336,15.074883460998535,1209892,2014,0.008383526063166613,IRM
2014-05-27,27.87430763244629,28.243993759155273,27.846580505371094,28.234750747680664,15.315522193908691,1660113,2014,0.015962891755198827,IRM
2014-05-28,28.188539505004883,28.715341567993164,28.188539505004883,28.50277328491211,15.460906982421875,2422706,2014,0.009492643259072508,IRM
2014-05-29,28.428834915161133,28.73382568359375,28.327171325683594,28.706100463867188,15.571198463439941,1316902,2014,0.007133571215677037,IRM
2014-05-30,28.64140510559082,28.78927993774414,28.548982620239258,28.78003692626953,15.611302375793457,1622784,2014,0.002575518669784893,IRM
2014-06-02,28.78003692626953,28.89094352722168,28.530498504638672,28.78927993774414,15.616317749023438,1519020,2014,0.0003212655234809958,IRM
2014-06-03,28.761552810668945,28.761552810668945,28.4935302734375,28.567468643188477,15.496000289916992,1330319,2014,-0.007704598551343422,IRM
2014-06-04,28.53974151611328,28.585952758789062,28.39186668395996,28.44732093811035,15.430826187133789,1444795,2014,-0.004205866130862823,IRM
2014-06-05,28.558225631713867,28.946395874023438,28.39186668395996,28.8447322845459,15.646398544311523,1446418,2014,0.013970240774112241,IRM
2014-06-06,28.863216400146484,29.22365951538086,28.853973388671875,29.205175399780273,15.841917037963867,1291367,2014,0.012496070140270543,IRM
2014-06-09,29.177448272705078,29.639556884765625,29.149723052978516,29.353050231933594,15.922125816345215,1614236,2014,0.005063072744866393,IRM
2014-06-10,29.36229133605957,29.426986694335938,29.12199592590332,29.205175399780273,15.841917037963867,972393,2014,-0.005037567175798063,IRM
2014-06-11,29.075786590576172,29.214418411254883,28.87245750427246,28.92791175842285,15.691519737243652,1192148,2014,-0.009493630118110108,IRM
2014-06-12,28.946395874023438,28.992605209350586,28.521257400512695,28.613677978515625,15.521069526672363,1476173,2014,-0.010862568662914573,IRM
2014-06-13,28.63216209411621,28.83548927307129,28.548982620239258,28.650646209716797,15.541116714477539,1616075,2014,0.0012916112366305743,IRM
2014-06-16,28.659889221191406,28.75231170654297,28.197782516479492,28.59519386291504,15.511040687561035,1658814,2014,-0.0019352551987776856,IRM
2014-06-17,28.650646209716797,28.863216400146484,28.456562042236328,28.465803146362305,15.440848350524902,1230775,2014,-0.0045253144808280465,IRM
2014-06-18,28.53974151611328,28.78003692626953,27.95748519897461,28.567468643188477,15.496000289916992,1308895,2014,0.0035718205463894925,IRM
2014-06-19,28.521257400512695,28.650646209716797,28.086875915527344,28.188539505004883,15.290458679199219,927382,2014,-0.013264171842557126,IRM
2014-06-20,28.280960083007812,28.475046157836914,27.90203285217285,27.948244094848633,15.160111427307129,2211283,2014,-0.008524744393012318,IRM
2014-06-23,27.680221557617188,28.031423568725586,27.37523078918457,27.96672821044922,15.306801795959473,1787139,2014,0.00967607456948616,IRM
2014-06-24,27.939001083374023,28.35489845275879,27.606285095214844,27.606285095214844,15.10952377319336,1859958,2014,-0.012888258788206763,IRM
2014-06-25,27.541589736938477,27.828096389770508,27.38447380065918,27.51386260986328,15.058943748474121,3529484,2014,-0.003347559160598812,IRM
2014-06-26,32.96672821044922,33.27172088623047,32.43992614746094,33.03142166137695,18.07882308959961,16564987,2014,0.20053726154807405,IRM
2014-06-27,32.837337493896484,32.96672821044922,31.913124084472656,32.171905517578125,17.60839080810547,6482803,2014,-0.026021178434163184,IRM
2014-06-30,32.48613739013672,32.86506652832031,32.07948303222656,32.76340103149414,17.93212890625,4457732,2014,0.018385444852547783,IRM
2014-07-01,32.72643280029297,32.80961227416992,32.4676513671875,32.68022155761719,17.88660430908203,1722003,2014,-0.002538716814159292,IRM
2014-07-02,32.70794677734375,32.846580505371094,32.643253326416016,32.80961227416992,17.957422256469727,1807697,2014,0.003959272881758569,IRM
2014-07-03,32.80961227416992,32.883548736572266,32.6247673034668,32.71718978881836,17.906835556030273,1524322,2014,-0.0028170357480583608,IRM
2014-07-07,32.606285095214844,32.75415802001953,32.301292419433594,32.6247673034668,17.85625457763672,1873375,2014,-0.002824674311398434,IRM
2014-07-08,32.606285095214844,32.661739349365234,32.402957916259766,32.52310562133789,17.800607681274414,1483855,2014,-0.003116381216472841,IRM
2014-07-09,32.57855987548828,32.81885528564453,32.412200927734375,32.73567581176758,17.916954040527344,1044887,2014,0.006536089179434157,IRM
2014-07-10,32.393714904785156,32.643253326416016,32.19038772583008,32.606285095214844,17.84613609313965,1406925,2014,-0.003952566224566301,IRM
2014-07-11,32.55083084106445,32.781883239746094,32.402957916259766,32.661739349365234,17.876489639282227,1488291,2014,0.0017008469499595336,IRM
2014-07-14,32.661739349365234,32.81885528564453,32.50461959838867,32.68022155761719,17.88660430908203,1211083,2014,0.0005658085006565727,IRM
2014-07-15,32.75415802001953,32.81885528564453,32.060997009277344,32.393714904785156,17.72978973388672,2014143,2014,-0.008767151801736262,IRM
2014-07-16,32.55083084106445,32.71718978881836,32.3105354309082,32.48613739013672,17.780380249023438,1644424,2014,0.0028534187881554818,IRM
2014-07-17,32.44916915893555,32.5323486328125,32.07024002075195,32.2088737487793,17.628623962402344,1273730,2014,-0.008535041686154488,IRM
2014-07-18,31.99630355834961,32.31977844238281,31.89463996887207,32.13493347167969,17.58815574645996,2564015,2014,-0.0022955969807224585,IRM
2014-07-21,32.13493347167969,32.19963073730469,31.65434455871582,31.765249252319336,17.385826110839844,3084457,2014,-0.011503743686193002,IRM
2014-07-22,32.04251480102539,32.356746673583984,31.99630355834961,32.00554656982422,17.517343521118164,1102125,2014,0.0075646339403061535,IRM
2014-07-23,32.107208251953125,32.153419494628906,31.774492263793945,31.79297637939453,17.400997161865234,915480,2014,-0.006641780993371982,IRM
2014-07-24,31.802217483520508,31.968576431274414,31.682069778442383,31.79297637939453,17.400997161865234,1482989,2014,0.0,IRM
2014-07-25,31.765249252319336,31.811460494995117,31.423290252685547,31.469501495361328,17.223953247070312,1000634,2014,-0.010174354558422527,IRM
2014-07-28,31.423290252685547,31.580406188964844,31.1552677154541,31.5064697265625,17.244186401367188,1224608,2014,0.0011747102425696543,IRM
2014-07-29,31.55267906188965,31.719039916992188,31.46025848388672,31.580406188964844,17.284650802612305,1084056,2014,0.0023465532268840406,IRM
2014-07-30,31.617374420166016,31.783733367919922,31.349353790283203,31.46025848388672,17.218891143798828,1848922,2014,-0.0038045118506842,IRM
2014-07-31,31.3123836517334,31.64510154724121,30.951940536499023,30.97042465209961,16.950794219970703,3254007,2014,-0.01556992965395898,IRM
2014-08-01,31.01663589477539,31.73752212524414,30.91497230529785,31.487985610961914,17.23406982421875,2286050,2014,0.016711641978067515,IRM
2014-08-04,31.49722671508789,31.5064697265625,31.02587890625,31.035120010375977,16.986204147338867,2337769,2014,-0.014382306640742581,IRM
2014-08-05,31.01663589477539,31.07208824157715,30.609981536865234,30.887245178222656,16.905269622802734,2222536,2014,-0.004764721054457133,IRM
2014-08-06,30.73012924194336,30.757856369018555,30.129390716552734,30.58225440979004,16.73834228515625,1957338,2014,-0.009874278338709463,IRM
2014-08-07,30.6746768951416,30.961183547973633,30.59149742126465,30.693161010742188,16.799039840698242,1086220,2014,0.003626258473386601,IRM
2014-08-08,30.258779525756836,31.349353790283203,30.24029541015625,31.330869674682617,17.1480712890625,1416122,2014,0.0207768688969161,IRM
2014-08-11,31.423290252685547,31.89463996887207,31.36783790588379,31.691312789916992,17.345346450805664,1105912,2014,0.011504218662129695,IRM
2014-08-12,31.60813331604004,31.922365188598633,31.524953842163086,31.876155853271484,17.44651985168457,2167462,2014,0.005832884408844219,IRM
2014-08-13,32.01478576660156,32.08872604370117,31.719039916992188,31.866912841796875,17.44146156311035,1045753,2014,-0.0002899310932621413,IRM
2014-08-14,31.913124084472656,32.23659896850586,31.820701599121094,32.116451263427734,17.578041076660156,1044996,2014,0.007830737868819382,IRM
2014-08-15,32.365989685058594,32.55083084106445,32.02402877807617,32.1441764831543,17.593212127685547,1689435,2014,0.0008630683566630548,IRM
2014-08-18,32.347503662109375,32.846580505371094,32.3105354309082,32.74491882324219,17.922016143798828,1190741,2014,0.018689254340079176,IRM
2014-08-19,32.76340103149414,33.012939453125,32.643253326416016,32.874305725097656,17.992830276489258,1057114,2014,0.003951236965877403,IRM
2014-08-20,32.883548736572266,33.20702362060547,32.80961227416992,33.114601135253906,18.124343872070312,912667,2014,0.007309222260207804,IRM
2014-08-21,33.142330169677734,33.45656204223633,33.04066467285156,33.419593811035156,18.291276931762695,1093253,2014,0.009210433264269957,IRM
2014-08-22,33.382625579833984,33.40110778808594,32.781883239746094,32.9482421875,18.03329849243164,1109483,2014,-0.01410390539126749,IRM
2014-08-25,33.1700553894043,33.21626663208008,32.874305725097656,33.03142166137695,18.07882308959961,547059,2014,0.002524474221234474,IRM
2014-08-26,33.04990768432617,33.19778060913086,32.80961227416992,32.883548736572266,17.99789047241211,795486,2014,-0.0044766529760479346,IRM
2014-08-27,33.03142166137695,33.114601135253906,32.6247673034668,32.70794677734375,17.901779174804688,647902,2014,-0.005340142376949353,IRM
2014-08-28,32.54159164428711,32.828094482421875,32.47689437866211,32.75415802001953,17.927072525024414,467316,2014,0.0014128958899977118,IRM
2014-08-29,32.80036926269531,33.57670974731445,32.80036926269531,33.25323486328125,18.200227737426758,1017296,2014,0.015237022777759623,IRM
2014-09-02,33.29944610595703,33.59519577026367,33.15156936645508,33.354896545410156,18.25586700439453,1171698,2014,0.003057064327462111,IRM
2014-09-03,33.327171325683594,33.4935302734375,33.179298400878906,33.327171325683594,18.240694046020508,651472,2014,-0.0008311277886923207,IRM
2014-09-04,33.29944610595703,33.72458267211914,33.00369644165039,33.26247787475586,18.205278396606445,1742669,2014,-0.0019415735675797352,IRM
2014-09-05,33.29020309448242,33.47504425048828,33.02218246459961,33.47504425048828,18.321622848510742,914615,2014,0.006390698860501143,IRM
2014-09-08,33.47504425048828,34.28835678100586,33.22550964355469,33.45656204223633,18.31151008605957,1273622,2014,-0.0005519577896995198,IRM
2014-09-09,33.3364143371582,33.373382568359375,32.874305725097656,32.92051696777344,18.018129348754883,838225,2014,-0.016021657194074668,IRM
2014-09-10,33.09611892700195,33.28096008300781,33.012939453125,33.077632904052734,18.104114532470703,1243975,2014,0.004772148209811977,IRM
2014-09-11,33.05915069580078,33.1053581237793,32.80961227416992,32.902034759521484,18.008007049560547,806306,2014,-0.005308598923067009,IRM
2014-09-12,32.837337493896484,32.874305725097656,32.43068313598633,32.54159164428711,17.810728073120117,1031903,2014,-0.01095506992514439,IRM
2014-09-15,32.828094482421875,33.123844146728516,32.61552810668945,32.91127395629883,18.0130615234375,1673313,2014,0.011360200969142031,IRM
2014-09-16,33.04066467285156,33.09611892700195,32.57855987548828,32.86506652832031,17.987775802612305,1331185,2014,-0.0014037436552523097,IRM
2014-09-17,32.9482421875,33.428836822509766,32.902034759521484,33.012939453125,18.068706512451172,3035659,2014,0.004499206056766347,IRM
2014-09-18,32.97597122192383,33.19778060913086,32.97597122192383,33.03142166137695,18.07882308959961,1033310,2014,0.0005598949289185029,IRM
2014-09-19,33.21626663208008,33.22550964355469,32.939002990722656,32.9482421875,18.03329849243164,2153072,2014,-0.0025181172990269562,IRM
2014-09-22,32.7911262512207,32.883548736572266,32.42144012451172,32.643253326416016,17.86637306213379,2004189,2014,-0.009256511246010124,IRM
2014-09-23,32.171905517578125,32.643253326416016,32.0517578125,32.52310562133789,18.04326629638672,3523966,2014,0.009900903425544172,IRM
2014-09-24,32.5323486328125,32.67097854614258,32.25508117675781,32.606285095214844,18.089412689208984,2841007,2014,0.0025575409720304254,IRM
2014-09-25,32.57855987548828,33.41035079956055,32.56007385253906,32.56931686401367,18.068897247314453,4396274,2014,-0.001134113210141341,IRM
2014-09-26,32.0,32.0,31.170000076293945,31.899999618530273,18.068723678588867,2876300,2014,-9.605939045975731e-06,IRM
2014-09-29,31.649999618530273,34.310001373291016,31.6299991607666,33.900001525878906,19.20156478881836,9291800,2014,0.062696244094534,IRM
2014-09-30,32.599998474121094,33.189998626708984,32.290000915527344,32.650001525878906,18.4935359954834,7719800,2014,-0.03687349448453636,IRM
2014-10-01,32.560001373291016,32.72999954223633,31.899999618530273,32.18000030517578,18.227319717407227,2945200,2014,-0.014395098814049878,IRM
2014-10-02,32.06999969482422,32.77000045776367,32.04999923706055,32.650001525878906,18.4935359954834,2316400,2014,0.01460534418683257,IRM
2014-10-03,32.939998626708984,33.18000030517578,32.720001220703125,33.099998474121094,18.748428344726562,2125500,2014,0.013782780605364753,IRM
2014-10-06,33.16999816894531,33.279998779296875,32.709999084472656,32.970001220703125,18.674789428710938,1718200,2014,-0.003927738083514543,IRM
2014-10-07,32.849998474121094,32.95000076293945,32.459999084472656,32.459999084472656,18.38591194152832,1500000,2014,-0.01546884843255536,IRM
2014-10-08,32.45000076293945,33.310001373291016,32.36000061035156,33.29999923706055,18.86170768737793,1913800,2014,0.025878278290614842,IRM
2014-10-09,33.290000915527344,33.36000061035156,32.310001373291016,32.36000061035156,18.32927894592285,1869000,2014,-0.028228024221336745,IRM
2014-10-10,32.36000061035156,32.689998626708984,31.84000015258789,31.8799991607666,18.057401657104492,1881100,2014,-0.01483295058253431,IRM
2014-10-13,31.899999618530273,32.130001068115234,31.450000762939453,31.479999542236328,17.830827713012695,1690900,2014,-0.012547427830108315,IRM
2014-10-14,31.75,32.599998474121094,31.479999542236328,32.150001525878906,18.21033477783203,2178900,2014,0.021283760402349472,IRM
2014-10-15,32.0099983215332,32.22999954223633,31.110000610351562,32.029998779296875,18.14235496520996,1899700,2014,-0.003733034754793474,IRM
2014-10-16,31.530000686645508,32.529998779296875,31.510000228881836,32.130001068115234,18.19900131225586,1944600,2014,0.0031223260240760276,IRM
2014-10-17,32.43000030517578,32.5,32.04999923706055,32.369998931884766,18.334941864013672,2672000,2014,0.007469670968497821,IRM
2014-10-20,32.2400016784668,33.150001525878906,32.22999954223633,33.13999938964844,18.77107810974121,1684600,2014,0.02378716272799042,IRM
2014-10-21,33.40999984741211,34.209999084472656,33.31999969482422,34.18000030517578,19.360153198242188,1788100,2014,0.0313820594137999,IRM
2014-10-22,34.2599983215332,34.86000061035156,34.2400016784668,34.38999938964844,19.479106903076172,1932200,2014,0.006144254315342046,IRM
2014-10-23,34.68000030517578,34.91999816894531,34.27000045776367,34.779998779296875,19.70000457763672,1786200,2014,0.011340236267488368,IRM
2014-10-24,34.790000915527344,35.630001068115234,34.540000915527344,35.599998474121094,20.164470672607422,1819500,2014,0.023576953657054478,IRM
2014-10-27,35.45000076293945,35.45000076293945,34.84000015258789,35.150001525878906,19.90958023071289,1223700,2014,-0.012640571926382793,IRM
2014-10-28,35.31999969482422,36.0,35.130001068115234,35.849998474121094,20.306076049804688,1996600,2014,0.019914825651630608,IRM
2014-10-29,35.869998931884766,35.90999984741211,35.34000015258789,35.63999938964844,20.187124252319336,1862600,2014,-0.005857941100663622,IRM
2014-10-30,35.470001220703125,35.5099983215332,34.86000061035156,35.380001068115234,20.03985595703125,1749600,2014,-0.007295159699191256,IRM
2014-10-31,35.91999816894531,36.33000183105469,35.810001373291016,36.06999969482422,20.43068504333496,3876500,2014,0.019502589596537723,IRM
2014-11-03,36.04999923706055,36.93000030517578,35.880001068115234,36.650001525878906,20.75920867919922,3353500,2014,0.016079912894131354,IRM
2014-11-04,36.7400016784668,36.900001525878906,36.189998626708984,36.310001373291016,20.56662368774414,2438000,2014,-0.009277087312487442,IRM
2014-11-05,36.599998474121094,36.84000015258789,36.04999923706055,36.11000061035156,20.453344345092773,2366400,2014,-0.00550792120142074,IRM
2014-11-06,36.20000076293945,36.5099983215332,36.20000076293945,36.470001220703125,20.657251358032227,1767900,2014,0.009969372709865754,IRM
2014-11-07,36.70000076293945,38.060001373291016,36.70000076293945,38.04999923706055,21.552196502685547,4389200,2014,0.043323534634017724,IRM
2014-11-10,37.93000030517578,38.0,37.349998474121094,37.63999938964844,21.319961547851562,2362300,2014,-0.010775465730606504,IRM
2014-11-11,37.529998779296875,37.83000183105469,37.43000030517578,37.83000183105469,21.427583694458008,1805800,2014,0.005047952190949889,IRM
2014-11-12,37.720001220703125,38.16999816894531,37.65999984741211,38.04999923706055,21.552196502685547,1291000,2014,0.0058155324466084846,IRM
2014-11-13,38.08000183105469,38.38999938964844,38.02000045776367,38.369998931884766,21.733448028564453,2048800,2014,0.008409886475205575,IRM
2014-11-14,38.349998474121094,38.5,37.63999938964844,37.689998626708984,21.348285675048828,2065800,2014,-0.01772210065376667,IRM
2014-11-17,37.970001220703125,38.11000061035156,37.810001373291016,37.86000061035156,21.444570541381836,2069500,2014,0.004510191956328402,IRM
2014-11-18,37.880001068115234,37.970001220703125,37.540000915527344,37.7400016784668,21.376604080200195,2116800,2014,-0.003169401832994745,IRM
2014-11-19,37.7400016784668,37.81999969482422,37.29999923706055,37.689998626708984,21.348285675048828,2894400,2014,-0.001324738253331681,IRM
2014-11-20,37.630001068115234,37.689998626708984,37.15999984741211,37.66999816894531,21.33694839477539,1830900,2014,-0.0005310627956739422,IRM
2014-11-21,38.04999923706055,38.22999954223633,37.59000015258789,37.65999984741211,21.331283569335938,1424100,2014,-0.0002654937029721305,IRM
2014-11-24,37.900001525878906,38.029998779296875,37.56999969482422,37.939998626708984,21.48988914489746,1839600,2014,0.007435350762929227,IRM
2014-11-25,37.79999923706055,37.95000076293945,37.20000076293945,37.20000076293945,21.213315963745117,17681900,2014,-0.012869921258668482,IRM
2014-11-26,36.95000076293945,37.70000076293945,36.95000076293945,37.58000183105469,21.43001365661621,3228700,2014,0.010215173018751189,IRM
2014-11-28,37.79999923706055,38.09000015258789,37.66999816894531,38.0099983215332,21.67521858215332,1127400,2014,0.011442126424469512,IRM
2014-12-01,37.880001068115234,39.34000015258789,37.77000045776367,38.83000183105469,22.14282989501953,3493100,2014,0.021573545433642316,IRM
2014-12-02,38.810001373291016,39.13999938964844,38.540000915527344,38.91999816894531,22.19414710998535,2627100,2014,0.0023175544954785465,IRM
2014-12-03,38.349998474121094,38.58000183105469,37.349998474121094,37.5,21.64859962463379,4226600,2014,-0.024580691596214344,IRM
2014-12-04,37.45000076293945,37.560001373291016,37.189998626708984,37.380001068115234,21.579326629638672,1554900,2014,-0.0031998834195395842,IRM
2014-12-05,37.290000915527344,37.63999938964844,37.20000076293945,37.33000183105469,21.550460815429688,1059300,2014,-0.0013376605630195382,IRM
2014-12-08,37.27000045776367,37.619998931884766,36.939998626708984,37.310001373291016,21.538915634155273,1146100,2014,-0.0005357278145137201,IRM
2014-12-09,36.970001220703125,37.310001373291016,36.65999984741211,37.20000076293945,21.47541618347168,1103400,2014,-0.002948126626342251,IRM
2014-12-10,37.11000061035156,37.43000030517578,36.790000915527344,36.970001220703125,21.342632293701172,2132300,2014,-0.00618306479539632,IRM
2014-12-11,37.22999954223633,37.52000045776367,36.9900016784668,37.150001525878906,21.446552276611328,1328000,2014,0.004869126801234636,IRM
2014-12-12,36.959999084472656,37.06999969482422,36.43000030517578,36.439998626708984,21.03666877746582,1249500,2014,-0.01911185974598395,IRM
2014-12-15,36.439998626708984,37.619998931884766,36.439998626708984,36.95000076293945,21.331087112426758,3863900,2014,0.013995482748500265,IRM
2014-12-16,36.779998779296875,37.56999969482422,36.619998931884766,37.16999816894531,21.458093643188477,1760400,2014,0.00595405804178295,IRM
2014-12-17,37.380001068115234,38.779998779296875,37.18000030517578,38.599998474121094,22.28362464904785,2600100,2014,0.03847177757663611,IRM
2014-12-18,39.0099983215332,40.279998779296875,38.939998626708984,40.27000045776367,23.247711181640625,2294400,2014,0.043264349843281424,IRM
2014-12-19,40.349998474121094,40.40999984741211,39.33000183105469,39.75,22.947513580322266,3967100,2014,-0.012912995992286458,IRM
2014-12-22,38.41999816894531,39.36000061035156,37.150001525878906,39.2599983215332,22.664640426635742,1939500,2014,-0.01232696312375603,IRM
2014-12-23,39.380001068115234,39.720001220703125,39.33000183105469,39.43000030517578,22.76278305053711,858500,2014,0.004330208732807872,IRM
2014-12-24,39.65999984741211,39.880001068115234,39.400001525878906,39.63999938964844,22.884010314941406,877600,2014,0.005325678504915388,IRM
2014-12-26,39.81999969482422,40.02000045776367,39.560001373291016,39.81999969482422,22.98792839050293,483200,2014,0.004541077989886899,IRM
2014-12-29,39.7599983215332,39.9900016784668,39.630001068115234,39.849998474121094,23.0052490234375,722300,2014,0.0007534664559736282,IRM
2014-12-30,39.790000915527344,40.08000183105469,39.34000015258789,39.59000015258789,22.855148315429688,1679800,2014,-0.006524628699080437,IRM
2014-12-31,39.720001220703125,39.720001220703125,38.630001068115234,38.65999984741211,22.31826400756836,828000,2014,-0.02349073829894477,IRM
2015-01-02,38.95000076293945,39.11000061035156,38.59000015258789,38.959999084472656,22.491445541381836,898700,2015,0.007759632817084139,IRM
2015-01-05,38.810001373291016,39.27000045776367,38.7400016784668,39.150001525878906,22.601144790649414,907100,2015,0.0048773765592675655,IRM
2015-01-06,39.33000183105469,39.900001525878906,39.029998779296875,39.5099983215332,22.8089656829834,1389300,2015,0.009195148929799446,IRM
2015-01-07,39.790000915527344,39.959999084472656,39.41999816894531,39.56999969482422,22.84360694885254,1701900,2015,0.0015187565429581884,IRM
2015-01-08,39.939998626708984,40.29999923706055,39.709999084472656,40.29999923706055,23.265033721923828,2114200,2015,0.018448346358562073,IRM
2015-01-09,40.29999923706055,40.33000183105469,39.439998626708984,39.47999954223633,22.791637420654297,1280600,2015,-0.020347973999428448,IRM
2015-01-12,39.59000015258789,39.7400016784668,38.959999084472656,39.31999969482422,22.699277877807617,1479200,2015,-0.004052343460105301,IRM
2015-01-13,39.4900016784668,39.900001525878906,39.33000183105469,39.689998626708984,22.912870407104492,1758700,2015,0.009409661860023233,IRM
2015-01-14,39.68000030517578,40.060001373291016,39.290000915527344,40.0,23.091838836669922,1284300,2015,0.007810825373932184,IRM
2015-01-15,40.08000183105469,40.79999923706055,40.08000183105469,40.36000061035156,23.299665451049805,1614100,2015,0.009000002808345231,IRM
2015-01-16,40.41999816894531,40.599998474121094,39.720001220703125,40.33000183105469,23.282344818115234,1627500,2015,-0.0007433854778283733,IRM
2015-01-20,40.56999969482422,40.9900016784668,40.20000076293945,40.75,23.524812698364258,1689600,2015,0.010414238004943899,IRM
2015-01-21,40.619998931884766,40.93000030517578,39.86000061035156,39.900001525878906,23.03411102294922,1490500,2015,-0.02085889829206411,IRM
2015-01-22,40.2400016784668,40.40999984741211,39.77000045776367,40.34000015258789,23.28812026977539,3096700,2015,0.01102752550654551,IRM
2015-01-23,40.36000061035156,41.119998931884766,40.25,40.75,23.524812698364258,1239600,2015,0.010163655367928515,IRM
2015-01-26,40.650001525878906,41.029998779296875,40.540000915527344,40.86000061035156,23.588319778442383,711400,2015,0.0026995785638088687,IRM
2015-01-27,40.58000183105469,40.810001373291016,40.25,40.36000061035156,23.299665451049805,994700,2015,-0.012237172045479139,IRM
2015-01-28,40.709999084472656,40.880001068115234,40.13999938964844,40.16999816894531,23.189979553222656,1023600,2015,-0.004707616856456043,IRM
2015-01-29,40.08000183105469,40.68000030517578,40.06999969482422,40.66999816894531,23.47863006591797,906800,2015,0.012447208589935865,IRM
2015-01-30,40.5,40.54999923706055,39.630001068115234,39.84000015258789,22.99947738647461,1352900,2015,-0.020408033948237314,IRM
2015-02-02,39.849998474121094,39.88999938964844,38.70000076293945,39.66999816894531,22.901334762573242,1132400,2015,-0.004267167564384833,IRM
2015-02-03,39.709999084472656,40.209999084472656,39.40999984741211,40.20000076293945,23.20730209350586,793800,2015,0.013360240095378506,IRM
2015-02-04,40.20000076293945,40.84000015258789,40.040000915527344,40.54999923706055,23.409351348876953,960100,2015,0.008706279366597958,IRM
2015-02-05,40.61000061035156,41.119998931884766,40.5,41.09000015258789,23.72109031677246,1111700,2015,0.013316856295997326,IRM
2015-02-06,41.11000061035156,41.529998779296875,40.790000915527344,40.90999984741211,23.6171817779541,1168700,2015,-0.004380428447038454,IRM
2015-02-09,40.70000076293945,40.83000183105469,39.47999954223633,39.529998779296875,22.820510864257812,1065400,2015,-0.033732683314482315,IRM
2015-02-10,39.63999938964844,39.83000183105469,39.34000015258789,39.75,22.947513580322266,1132000,2015,0.005565288034956595,IRM
2015-02-11,39.779998779296875,39.91999816894531,39.310001373291016,39.86000061035156,23.011024475097656,696700,2015,0.002767659099670361,IRM
2015-02-12,40.040000915527344,40.52000045776367,39.810001373291016,40.470001220703125,23.363170623779297,834900,2015,0.015303366830222265,IRM
2015-02-13,40.400001525878906,40.400001525878906,39.02000045776367,39.369998931884766,22.72814178466797,1298800,2015,-0.027180764517680145,IRM
2015-02-17,39.20000076293945,39.45000076293945,39.02000045776367,39.08000183105469,22.560726165771484,1354500,2015,-0.007366005566254441,IRM
2015-02-18,39.04999923706055,39.63999938964844,38.75,39.529998779296875,22.820510864257812,1671800,2015,0.011514908544055125,IRM
2015-02-19,39.5099983215332,39.5099983215332,38.79999923706055,38.83000183105469,22.416410446166992,1162500,2015,-0.017707772647795328,IRM
2015-02-20,38.369998931884766,38.369998931884766,36.099998474121094,36.709999084472656,21.19253921508789,3471300,2015,-0.05459711018489011,IRM
2015-02-23,36.709999084472656,36.810001373291016,35.97999954223633,36.290000915527344,20.950071334838867,1648500,2015,-0.011441190590148809,IRM
2015-02-24,36.220001220703125,36.630001068115234,35.84000015258789,36.58000183105469,21.117481231689453,1579300,2015,0.007990898654945955,IRM
2015-02-25,36.459999084472656,36.689998626708984,36.09000015258789,36.47999954223633,21.05976104736328,1584400,2015,-0.002733289244720938,IRM
2015-02-26,36.41999816894531,36.880001068115234,36.25,36.849998474121094,21.27335548400879,1955900,2015,0.010142301052948,IRM
2015-02-27,36.79999923706055,36.849998474121094,36.34000015258789,36.75,21.215627670288086,2199000,2015,-0.002713620508250192,IRM
2015-03-02,36.66999816894531,37.54999923706055,36.630001068115234,37.4900016784668,21.642831802368164,1934500,2015,0.020136294750231043,IRM
2015-03-03,37.400001525878906,37.5,37.040000915527344,37.38999938964844,21.585092544555664,1864200,2015,-0.0026678236166018943,IRM
2015-03-04,36.77000045776367,37.130001068115234,36.40999984741211,36.4900016784668,21.336591720581055,2038700,2015,-0.011512613321516096,IRM
2015-03-05,36.5099983215332,36.68000030517578,36.439998626708984,36.59000015258789,21.395069122314453,1082300,2015,0.00274070959875905,IRM
2015-03-06,36.310001373291016,36.599998474121094,36.08000183105469,36.279998779296875,21.213802337646484,1677700,2015,-0.008472362656632537,IRM
2015-03-09,36.34000015258789,36.59000015258789,36.25,36.560001373291016,21.377519607543945,1148400,2015,0.0077174882320329985,IRM
2015-03-10,36.310001373291016,36.38999938964844,35.599998474121094,36.25,21.196252822875977,2318500,2015,-0.008479317900099148,IRM
2015-03-11,36.29999923706055,36.29999923706055,35.79999923706055,35.970001220703125,21.03253936767578,1653600,2015,-0.007723697984178934,IRM
2015-03-12,36.0099983215332,36.77000045776367,35.97999954223633,36.70000076293945,21.45937728881836,1045100,2015,0.020294169604578194,IRM
2015-03-13,36.70000076293945,37.08000183105469,36.27000045776367,36.869998931884766,21.55879020690918,1702000,2015,0.004632609639731777,IRM
2015-03-16,37.060001373291016,37.70000076293945,37.060001373291016,37.599998474121094,21.985639572143555,1302000,2015,0.01979931903124954,IRM
2015-03-17,37.540000915527344,38.119998931884766,37.400001525878906,37.7400016784668,22.067493438720703,2230500,2015,0.003723060514503329,IRM
2015-03-18,37.709999084472656,38.7400016784668,37.619998931884766,38.56999969482422,22.55282211303711,1761500,2015,0.021992922561147044,IRM
2015-03-19,38.560001373291016,38.7599983215332,38.20000076293945,38.27000045776367,22.377399444580078,2046100,2015,-0.0077783023152399045,IRM
2015-03-20,38.4900016784668,38.90999984741211,38.40999984741211,38.650001525878906,22.59959602355957,3722700,2015,0.009929508544090915,IRM
2015-03-23,38.63999938964844,38.720001220703125,38.150001525878906,38.33000183105469,22.412487030029297,1315400,2015,-0.008279306998904556,IRM
2015-03-24,38.29999923706055,38.29999923706055,37.619998931884766,37.81999969482422,22.114273071289062,1094500,2015,-0.013305705803228096,IRM
2015-03-25,37.88999938964844,37.88999938964844,36.40999984741211,36.43000030517578,21.301509857177734,1066800,2015,-0.03675287953129858,IRM
2015-03-26,36.349998474121094,36.599998474121094,36.11000061035156,36.369998931884766,21.266422271728516,1717500,2015,-0.001647187719766019,IRM
2015-03-27,36.369998931884766,36.7599983215332,36.34000015258789,36.63999938964844,21.424297332763672,617200,2015,0.007423677524029726,IRM
2015-03-30,36.790000915527344,36.939998626708984,36.54999923706055,36.75,21.488618850708008,756400,2015,0.003002269663517465,IRM
2015-03-31,36.79999923706055,36.84000015258789,36.40999984741211,36.47999954223633,21.330745697021484,1008000,2015,-0.007346826465830403,IRM
2015-04-01,36.5,36.59000015258789,35.93000030517578,36.290000915527344,21.21964454650879,1509300,2015,-0.005208498197426303,IRM
2015-04-02,36.29999923706055,37.25,36.27000045776367,37.150001525878906,21.722517013549805,1153600,2015,0.023698439714144648,IRM
2015-04-06,37.099998474121094,37.81999969482422,37.029998779296875,37.75,22.073345184326172,1264700,2015,0.01615043830130425,IRM
2015-04-07,37.779998779296875,37.849998474121094,36.779998779296875,36.790000915527344,21.512012481689453,1211300,2015,-0.025430341343790075,IRM
2015-04-08,36.88999938964844,37.630001068115234,36.77000045776367,37.56999969482422,21.968090057373047,1582500,2015,0.02120106503618846,IRM
2015-04-09,37.4900016784668,37.63999938964844,37.09000015258789,37.369998931884766,21.851152420043945,953000,2015,-0.005323068005625431,IRM
2015-04-10,37.4900016784668,37.90999984741211,36.97999954223633,37.16999816894531,21.73419952392578,870500,2015,-0.005352253001122409,IRM
2015-04-13,37.209999084472656,37.470001220703125,36.88999938964844,36.93000030517578,21.593875885009766,771500,2015,-0.006456351832122564,IRM
2015-04-14,36.900001525878906,37.15999984741211,36.61000061035156,36.880001068115234,21.56463050842285,1005000,2015,-0.0013543366064827644,IRM
2015-04-15,37.08000183105469,37.13999938964844,36.369998931884766,36.40999984741211,21.289810180664062,1223300,2015,-0.012744031373570164,IRM
2015-04-16,36.36000061035156,36.90999984741211,36.15999984741211,36.880001068115234,21.56463050842285,1022900,2015,0.01290853818924087,IRM
2015-04-17,36.58000183105469,37.0099983215332,36.349998474121094,36.880001068115234,21.56463050842285,2022700,2015,0.0,IRM
2015-04-20,37.119998931884766,37.2400016784668,36.77000045776367,36.790000915527344,21.512012481689453,939400,2015,-0.0024400152236713213,IRM
2015-04-21,36.880001068115234,36.970001220703125,36.459999084472656,36.4900016784668,21.336591720581055,927200,2015,-0.008154549057542315,IRM
2015-04-22,36.5,36.59000015258789,36.189998626708984,36.38999938964844,21.278112411499023,905300,2015,-0.0027407989920724685,IRM
2015-04-23,36.380001068115234,36.97999954223633,36.31999969482422,36.5,21.34244155883789,1703500,2015,0.0030232544172528186,IRM
2015-04-24,36.5,36.720001220703125,36.470001220703125,36.52000045776367,21.354127883911133,952500,2015,0.0005475627069670974,IRM
2015-04-27,36.709999084472656,36.810001373291016,36.16999816894531,36.2400016784668,21.190404891967773,1351600,2015,-0.007667041840032862,IRM
2015-04-28,38.0,38.4900016784668,36.810001373291016,37.279998779296875,21.798524856567383,6468100,2015,0.028697892640556333,IRM
2015-04-29,37.11000061035156,37.11000061035156,35.18000030517578,35.400001525878906,20.699241638183594,3191600,2015,-0.05042924810816274,IRM
2015-04-30,35.2599983215332,35.599998474121094,34.290000915527344,34.4900016784668,20.167142868041992,3411000,2015,-0.02570619636422078,IRM
2015-05-01,34.5,34.90999984741211,34.29999923706055,34.599998474121094,20.231462478637695,1724400,2015,0.0031893268677947173,IRM
2015-05-04,34.630001068115234,35.02000045776367,34.529998779296875,34.849998474121094,20.37764549255371,1457700,2015,0.007225528756033883,IRM
2015-05-05,34.779998779296875,34.86000061035156,34.13999938964844,34.209999084472656,20.00341796875,1576900,2015,-0.01836461056997285,IRM
2015-05-06,34.209999084472656,34.45000076293945,33.880001068115234,34.25,20.02680778503418,1013400,2015,0.0011692909842067056,IRM
2015-05-07,34.34000015258789,35.11000061035156,34.150001525878906,34.93000030517578,20.42442512512207,1469400,2015,0.019854254574961594,IRM
2015-05-08,35.310001373291016,35.849998474121094,35.220001220703125,35.439998626708984,20.72262954711914,1320500,2015,0.014600382638445986,IRM
2015-05-11,35.29999923706055,35.77000045776367,35.29999923706055,35.66999816894531,20.85711097717285,1882500,2015,0.006489592922940934,IRM
2015-05-12,35.380001068115234,36.029998779296875,35.099998474121094,35.880001068115234,20.97991180419922,2415400,2015,0.005887719884156928,IRM
2015-05-13,35.9900016784668,36.47999954223633,35.959999084472656,36.13999938964844,21.131933212280273,2130300,2015,0.007246046098755565,IRM
2015-05-14,36.45000076293945,36.599998474121094,36.220001220703125,36.58000183105469,21.389217376708984,2246600,2015,0.012175136171602041,IRM
2015-05-15,36.720001220703125,37.0,36.70000076293945,36.9900016784668,21.628950119018555,1149200,2015,0.011208111923282305,IRM
2015-05-18,36.869998931884766,37.290000915527344,36.83000183105469,37.220001220703125,21.763437271118164,1835800,2015,0.006217923263013736,IRM
2015-05-19,37.16999816894531,37.650001525878906,37.11000061035156,37.599998474121094,21.985639572143555,1703600,2015,0.010209890021383394,IRM
2015-05-20,37.72999954223633,37.72999954223633,37.220001220703125,37.22999954223633,21.769285202026367,1339000,2015,-0.00984071304395051,IRM
2015-05-21,37.25,37.290000915527344,36.52000045776367,36.72999954223633,21.476930618286133,1021300,2015,-0.013429682280657551,IRM
2015-05-22,36.63999938964844,36.810001373291016,36.5,36.63999938964844,21.424297332763672,776600,2015,-0.002450689367951231,IRM
2015-05-26,36.650001525878906,36.72999954223633,36.310001373291016,36.5,21.34244155883789,1342400,2015,-0.003820698184607507,IRM
2015-05-27,36.52000045776367,37.0,36.45000076293945,36.90999984741211,21.582181930541992,1302700,2015,0.011233034001436604,IRM
2015-05-28,36.81999969482422,37.0,36.459999084472656,36.75,21.488618850708008,1220000,2015,-0.004335200219101942,IRM
2015-05-29,36.79999923706055,36.88999938964844,36.2599983215332,36.470001220703125,21.324901580810547,4082100,2015,-0.007618789789836433,IRM
2015-06-01,36.4900016784668,37.02000045776367,36.459999084472656,36.83000183105469,21.535396575927734,1058600,2015,0.009870854236748494,IRM
2015-06-02,35.70000076293945,35.97999954223633,34.540000915527344,34.68000030517578,20.27823829650879,4355100,2015,-0.05837637003742002,IRM
2015-06-03,34.560001373291016,34.560001373291016,33.959999084472656,34.279998779296875,20.044349670410156,2236100,2015,-0.01153397167341208,IRM
2015-06-04,34.060001373291016,34.310001373291016,32.77000045776367,32.88999938964844,19.231584548950195,2790500,2015,-0.04054834079550007,IRM
2015-06-05,32.959999084472656,32.959999084472656,32.31999969482422,32.650001525878906,19.091251373291016,2404200,2015,-0.007297015766017045,IRM
2015-06-08,32.189998626708984,32.63999938964844,32.0099983215332,32.29999923706055,18.8865966796875,2077200,2015,-0.010719815563783874,IRM
2015-06-09,32.36000061035156,32.36000061035156,31.760000228881836,31.950000762939453,18.68194580078125,2406700,2015,-0.010835773240519875,IRM
2015-06-10,31.739999771118164,31.969999313354492,31.3799991607666,31.850000381469727,18.90452003479004,1806900,2015,0.011913867879837392,IRM
2015-06-11,32.0099983215332,32.060001373291016,31.639999389648438,31.860000610351562,18.910459518432617,1389800,2015,0.00031418325520293777,IRM
2015-06-12,31.770000457763672,32.25,31.649999618530273,32.02000045776367,19.005428314208984,2633500,2015,0.005022024752164178,IRM
2015-06-15,31.829999923706055,31.950000762939453,31.440000534057617,31.8799991607666,18.922330856323242,2070800,2015,-0.004372301245303523,IRM
2015-06-16,31.899999618530273,31.959999084472656,31.559999465942383,31.700000762939453,18.815492630004883,1436800,2015,-0.0056461451355850345,IRM
2015-06-17,31.790000915527344,32.15999984741211,31.6200008392334,32.029998779296875,19.011363983154297,1323900,2015,0.010410110274607476,IRM
2015-06-18,32.11000061035156,32.88999938964844,32.029998779296875,32.709999084472656,19.414976119995117,2580600,2015,0.02123004626067093,IRM
2015-06-19,32.689998626708984,32.72999954223633,32.380001068115234,32.5,19.290334701538086,1759700,2015,-0.006419859477893697,IRM
2015-06-22,32.61000061035156,32.90999984741211,32.47999954223633,32.779998779296875,19.45652198791504,2534000,2015,0.008615054582941095,IRM
2015-06-23,32.880001068115234,32.880001068115234,32.5,32.56999969482422,19.331876754760742,1735700,2015,-0.006406347096964082,IRM
2015-06-24,32.58000183105469,32.59000015258789,31.600000381469727,31.649999618530273,18.78581428527832,1781000,2015,-0.02824673860741156,IRM
2015-06-25,31.690000534057617,31.81999969482422,31.450000762939453,31.450000762939453,18.667104721069336,1109600,2015,-0.006319106662414531,IRM
2015-06-26,31.520000457763672,32.209999084472656,31.469999313354492,31.860000610351562,18.910459518432617,3569300,2015,0.013036558212940808,IRM
2015-06-29,31.68000030517578,32.119998931884766,31.0,31.09000015258789,18.45343017578125,2319500,2015,-0.024168071759752108,IRM
2015-06-30,31.399999618530273,31.6299991607666,30.950000762939453,31.0,18.400007247924805,2101100,2015,-0.0028950134120082627,IRM
2015-07-01,30.950000762939453,31.600000381469727,30.889999389648438,31.479999542236328,18.684911727905273,2319300,2015,0.015483933030113306,IRM
2015-07-02,31.670000076293945,32.25,31.1299991607666,31.549999237060547,18.72646141052246,1798400,2015,0.0022237023766686903,IRM
2015-07-06,31.31999969482422,31.760000228881836,31.170000076293945,31.229999542236328,18.536521911621094,1752900,2015,-0.010142839842376183,IRM
2015-07-07,31.350000381469727,31.649999618530273,30.709999084472656,30.959999084472656,18.37626075744629,2210200,2015,-0.008645697123705443,IRM
2015-07-08,30.6200008392334,30.940000534057617,30.43000030517578,30.540000915527344,18.12697410583496,1227900,2015,-0.013565689717932039,IRM
2015-07-09,30.889999389648438,31.190000534057617,30.649999618530273,30.670000076293945,18.204137802124023,995400,2015,0.004256843742289185,IRM
2015-07-10,30.969999313354492,31.18000030517578,30.8700008392334,30.920000076293945,18.352523803710938,778300,2015,0.008151223815148212,IRM
2015-07-13,31.079999923706055,31.3799991607666,30.93000030517578,31.149999618530273,18.48903465270996,712300,2015,0.0074382602882892,IRM
2015-07-14,31.25,31.6299991607666,31.059999465942383,31.510000228881836,18.70271873474121,1505300,2015,0.011557341204935678,IRM
2015-07-15,31.40999984741211,31.6200008392334,31.280000686645508,31.40999984741211,18.64336395263672,2355800,2015,-0.0031735911204309186,IRM
2015-07-16,31.6200008392334,31.799999237060547,31.450000762939453,31.770000457763672,18.857040405273438,909900,2015,0.011461260595435618,IRM
2015-07-17,31.75,31.84000015258789,31.530000686645508,31.729999542236328,18.83329963684082,964900,2015,-0.0012589869842978274,IRM
2015-07-20,31.739999771118164,31.790000915527344,31.360000610351562,31.399999618530273,18.63743019104004,885700,2015,-0.010400166172561232,IRM
2015-07-21,31.43000030517578,31.709999084472656,31.299999237060547,31.360000610351562,18.61368751525879,1538300,2015,-0.0012739243306549852,IRM
2015-07-22,31.329999923706055,31.700000762939453,31.229999542236328,31.579999923706055,18.7442626953125,1037800,2015,0.007015008710480997,IRM
2015-07-23,31.510000228881836,31.579999923706055,31.1200008392334,31.200000762939453,18.518718719482422,1229200,2015,-0.012032693923270776,IRM
2015-07-24,31.149999618530273,31.229999542236328,31.0,31.1200008392334,18.471233367919922,1387400,2015,-0.0025641812633907524,IRM
2015-07-27,31.079999923706055,31.229999542236328,30.639999389648438,30.760000228881836,18.257556915283203,1801600,2015,-0.011568066321322235,IRM
2015-07-28,30.860000610351562,30.969999313354492,30.670000076293945,30.899999618530273,18.34065055847168,975100,2015,0.0045511917927485435,IRM
2015-07-29,31.0,31.010000228881836,30.290000915527344,30.65999984741211,18.19820213317871,2259600,2015,-0.007766814205353856,IRM
2015-07-30,29.209999084472656,29.950000762939453,28.34000015258789,29.90999984741211,17.753042221069336,2305700,2015,-0.024461752257260883,IRM
2015-07-31,30.09000015258789,30.43000030517578,29.899999618530273,30.049999237060547,17.836135864257812,1266400,2015,0.00468052980180822,IRM
2015-08-03,30.09000015258789,30.43000030517578,30.030000686645508,30.229999542236328,17.942975997924805,1052900,2015,0.0059900941818396,IRM
2015-08-04,30.15999984741211,30.43000030517578,29.899999618530273,29.969999313354492,17.78864860534668,889000,2015,-0.008600991975688643,IRM
2015-08-05,30.0,30.219999313354492,29.719999313354492,29.809999465942383,17.693687438964844,858000,2015,-0.005338301322861283,IRM
2015-08-06,29.8700008392334,29.8700008392334,28.989999771118164,29.270000457763672,17.3731689453125,1285500,2015,-0.01811484998579216,IRM
2015-08-07,29.229999542236328,29.350000381469727,28.950000762939453,29.270000457763672,17.3731689453125,803500,2015,0.0,IRM
2015-08-10,29.510000228881836,29.540000915527344,28.920000076293945,29.06999969482422,17.25446319580078,1221600,2015,-0.006832705644282955,IRM
2015-08-11,28.93000030517578,29.100000381469727,28.719999313354492,28.90999984741211,17.15949249267578,1895700,2015,-0.005504123892310586,IRM
2015-08-12,28.760000228881836,29.84000015258789,28.68000030517578,29.75,17.658071517944336,3183200,2015,0.029055581071605996,IRM
2015-08-13,29.709999084472656,29.940000534057617,29.479999542236328,29.520000457763672,17.521560668945312,1134000,2015,-0.0077307903561438795,IRM
2015-08-14,29.530000686645508,30.290000915527344,29.280000686645508,30.190000534057617,17.919233322143555,1268900,2015,0.022696189038860393,IRM
2015-08-17,30.110000610351562,30.299999237060547,29.8799991607666,30.290000915527344,17.97858428955078,881000,2015,0.0033121376534499536,IRM
2015-08-18,30.270000457763672,30.40999984741211,30.09000015258789,30.219999313354492,17.93703842163086,1397200,2015,-0.0023108531378673858,IRM
2015-08-19,30.059999465942383,30.18000030517578,29.600000381469727,30.149999618530273,17.895490646362305,1323200,2015,-0.0023163118844887753,IRM
2015-08-20,29.850000381469727,30.6200008392334,29.709999084472656,30.239999771118164,17.948909759521484,2062900,2015,0.002985059991637451,IRM
2015-08-21,30.149999618530273,30.239999771118164,29.18000030517578,29.239999771118164,17.35536003112793,1610700,2015,-0.033068845759764876,IRM
2015-08-24,28.8799991607666,29.059999465942383,27.3700008392334,27.6200008392334,16.393817901611328,1996400,2015,-0.0554031796397203,IRM
2015-08-25,28.520000457763672,29.829999923706055,26.489999771118164,26.520000457763672,15.740910530090332,1962900,2015,-0.039826437956031135,IRM
2015-08-26,27.389999389648438,28.469999313354492,26.790000915527344,27.40999984741211,16.269166946411133,3146000,2015,0.03355945739676147,IRM
2015-08-27,27.75,28.350000381469727,27.610000610351562,28.209999084472656,16.744007110595703,1742000,2015,0.029186507566653086,IRM
2015-08-28,28.18000030517578,28.559999465942383,27.950000762939453,28.540000915527344,16.939876556396484,1803000,2015,0.011697883577511892,IRM
2015-08-31,28.420000076293945,28.6299991607666,28.149999618530273,28.34000015258789,16.821170806884766,2662500,2015,-0.007007474293954985,IRM
2015-09-01,27.719999313354492,28.110000610351562,27.389999389648438,27.6299991607666,16.399744033813477,2095900,2015,-0.025053355554703893,IRM
2015-09-02,27.8799991607666,28.1299991607666,27.59000015258789,28.1200008392334,16.690589904785156,1144100,2015,0.017734781126583776,IRM
2015-09-03,28.170000076293945,28.700000762939453,28.1200008392334,28.440000534057617,16.880523681640625,1611600,2015,0.011379692266060282,IRM
2015-09-04,27.940000534057617,28.219999313354492,27.709999084472656,28.209999084472656,16.744007110595703,2420400,2015,-0.008087223691608414,IRM
2015-09-08,28.780000686645508,28.8799991607666,28.270000457763672,28.459999084472656,16.892391204833984,1676000,2015,0.008861922552838797,IRM
2015-09-09,28.200000762939453,28.3700008392334,27.729999542236328,28.010000228881836,16.907482147216797,1766200,2015,0.0008933573820202323,IRM
2015-09-10,28.049999237060547,28.270000457763672,27.81999969482422,28.040000915527344,16.925594329833984,1482300,2015,0.0010712525058125255,IRM
2015-09-11,27.93000030517578,28.399999618530273,27.860000610351562,28.3799991607666,17.130821228027344,854900,2015,0.012125240283681782,IRM
2015-09-14,28.469999313354492,28.6200008392334,28.049999237060547,28.540000915527344,17.22740364074707,1045700,2015,0.005637932439672477,IRM
2015-09-15,28.559999465942383,28.959999084472656,28.530000686645508,28.889999389648438,17.438674926757812,969700,2015,0.012263675386988249,IRM
2015-09-16,28.829999923706055,29.290000915527344,28.780000686645508,29.190000534057617,17.619760513305664,720500,2015,0.010384136828538226,IRM
2015-09-17,29.209999084472656,30.010000228881836,29.149999618530273,29.479999542236328,17.794809341430664,929400,2015,0.009934801780808078,IRM
2015-09-18,29.030000686645508,30.040000915527344,29.030000686645508,30.0,18.108694076538086,4035700,2015,0.017639117626094603,IRM
2015-09-21,30.110000610351562,30.309999465942383,29.709999084472656,29.8700008392334,18.030223846435547,2762700,2015,-0.004333290394706424,IRM
2015-09-22,29.420000076293945,29.670000076293945,29.329999923706055,29.489999771118164,17.80084800720215,1292100,2015,-0.012721741071381354,IRM
2015-09-23,29.59000015258789,29.850000381469727,29.420000076293945,29.809999465942383,17.99400520324707,979000,2015,0.010851010916264947,IRM
2015-09-24,29.709999084472656,30.450000762939453,29.65999984741211,30.309999465942383,18.295812606811523,1902300,2015,0.01677266401534605,IRM
2015-09-25,30.459999084472656,30.81999969482422,30.209999084472656,30.549999237060547,18.440685272216797,1416200,2015,0.007918350964708498,IRM
2015-09-28,30.260000228881836,30.469999313354492,29.93000030517578,30.170000076293945,18.2113094329834,1424600,2015,-0.012438574589143991,IRM
2015-09-29,30.200000762939453,30.399999618530273,29.940000534057617,30.360000610351562,18.32600212097168,1514500,2015,0.006297882555361678,IRM
2015-09-30,30.690000534057617,31.06999969482422,30.489999771118164,31.020000457763672,18.724390029907227,1286100,2015,0.02173894264039422,IRM
2015-10-01,31.06999969482422,31.170000076293945,30.719999313354492,31.15999984741211,18.808897018432617,1571500,2015,0.004513203815473377,IRM
2015-10-02,30.81999969482422,31.15999984741211,30.649999618530273,31.15999984741211,18.808897018432617,1893500,2015,0.0,IRM
2015-10-05,31.329999923706055,31.709999084472656,31.239999771118164,31.709999084472656,19.140892028808594,1411200,2015,0.017650955824290104,IRM
2015-10-06,31.709999084472656,31.920000076293945,31.5,31.75,19.16503143310547,1007800,2015,0.0012611431202131929,IRM
2015-10-07,31.81999969482422,32.130001068115234,31.540000915527344,31.829999923706055,19.213321685791016,1686800,2015,0.002519706417080547,IRM
2015-10-08,31.760000228881836,32.349998474121094,31.549999237060547,32.29999923706055,19.497026443481445,1361000,2015,0.014766044223380792,IRM
2015-10-09,32.06999969482422,32.2599983215332,31.0,31.280000686645508,18.881330490112305,2598400,2015,-0.03157896693395468,IRM
2015-10-12,31.309999465942383,31.790000915527344,31.219999313354492,31.780000686645508,19.18314552307129,1440900,2015,0.015984839263156747,IRM
2015-10-13,31.75,31.940000534057617,31.610000610351562,31.68000030517578,19.122777938842773,1164500,2015,-0.003146907484797623,IRM
2015-10-14,31.709999084472656,31.950000762939453,31.25,31.389999389648438,18.94773292541504,1628100,2015,-0.009153743979433915,IRM
2015-10-15,31.459999084472656,31.559999465942383,30.940000534057617,31.25,18.863222122192383,1561900,2015,-0.004460206588055682,IRM
2015-10-16,31.31999969482422,31.719999313354492,31.309999465942383,31.600000381469727,19.074493408203125,2109600,2015,0.011200169549092198,IRM
2015-10-19,31.549999237060547,31.729999542236328,31.420000076293945,31.68000030517578,19.122777938842773,1413600,2015,0.002531366343857089,IRM
2015-10-20,31.709999084472656,31.959999084472656,31.299999237060547,31.40999984741211,18.959802627563477,2256900,2015,-0.008522575109145447,IRM
2015-10-21,31.5,31.59000015258789,31.200000762939453,31.34000015258789,18.917543411254883,1810700,2015,-0.0022288848222058455,IRM
2015-10-22,31.489999771118164,31.690000534057617,31.139999389648438,31.280000686645508,18.881330490112305,4311300,2015,-0.0019142507224819694,IRM
2015-10-23,31.34000015258789,31.56999969482422,30.760000228881836,31.059999465942383,18.748531341552734,3639900,2015,-0.0070333575607457455,IRM
2015-10-26,31.100000381469727,31.329999923706055,30.889999389648438,31.15999984741211,18.808897018432617,4202900,2015,0.0032197549653445456,IRM
2015-10-27,31.09000015258789,31.1200008392334,30.239999771118164,30.25,18.259599685668945,1891400,2015,-0.02920412250784099,IRM
2015-10-28,30.350000381469727,30.8700008392334,30.049999237060547,30.6200008392334,18.482942581176758,1989400,2015,0.012231532966360925,IRM
2015-10-29,30.43000030517578,30.809999465942383,30.030000686645508,30.299999237060547,18.289785385131836,2759900,2015,-0.010450565173623083,IRM
2015-10-30,30.399999618530273,30.950000762939453,29.899999618530273,30.639999389648438,18.495012283325195,1935500,2015,0.011220847805037293,IRM
2015-11-02,30.65999984741211,31.969999313354492,30.5,31.809999465942383,19.201244354248047,1786400,2015,0.03818500145358539,IRM
2015-11-03,31.690000534057617,32.2400016784668,31.540000915527344,32.08000183105469,19.36423110961914,1365600,2015,0.00848834337838289,IRM
2015-11-04,32.099998474121094,32.18000030517578,31.350000381469727,31.40999984741211,18.959802627563477,1170900,2015,-0.0208853364621725,IRM
2015-11-05,31.40999984741211,31.579999923706055,31.079999923706055,31.440000534057617,18.97791290283203,1079900,2015,0.0009551932382578787,IRM
2015-11-06,31.239999771118164,31.459999084472656,30.15999984741211,30.290000915527344,18.28374671936035,1994900,2015,-0.03657758295265923,IRM
2015-11-09,30.219999313354492,30.350000381469727,29.520000457763672,29.959999084472656,18.084550857543945,1463700,2015,-0.010894695976371271,IRM
2015-11-10,29.899999618530273,30.059999465942383,29.329999923706055,29.59000015258789,17.861204147338867,938000,2015,-0.012350138632937546,IRM
2015-11-11,29.700000762939453,29.799999237060547,29.3700008392334,29.5,17.806884765625,800100,2015,-0.0030411937104453113,IRM
2015-11-12,29.43000030517578,29.489999771118164,28.989999771118164,29.1200008392334,17.5775089263916,1292600,2015,-0.01288130081440142,IRM
2015-11-13,29.1299991607666,29.329999923706055,28.579999923706055,28.610000610351562,17.26966094970703,881500,2015,-0.017513743157447914,IRM
2015-11-16,28.579999923706055,28.860000610351562,28.43000030517578,28.799999237060547,17.38434600830078,889900,2015,0.0066408401952844365,IRM
2015-11-17,28.760000228881836,28.760000228881836,28.25,28.450000762939453,17.173076629638672,2378900,2015,-0.012152851683993826,IRM
2015-11-18,28.639999389648438,28.920000076293945,28.5,28.889999389648438,17.438674926757812,1135800,2015,0.0154659705332445,IRM
2015-11-19,28.989999771118164,29.170000076293945,28.780000686645508,28.860000610351562,17.42056655883789,1190900,2015,-0.0010384027453906874,IRM
2015-11-20,28.920000076293945,29.200000762939453,28.690000534057617,28.93000030517578,17.462814331054688,1522200,2015,0.0024251663729824013,IRM
2015-11-23,28.8700008392334,29.190000534057617,28.790000915527344,28.940000534057617,17.468856811523438,771300,2015,0.0003460198541997972,IRM
2015-11-24,28.809999465942383,28.950000762939453,28.43000030517578,28.700000762939453,17.323976516723633,978100,2015,-0.008293633427931768,IRM
2015-11-25,28.850000381469727,28.940000534057617,28.350000381469727,28.40999984741211,17.14893341064453,1238200,2015,-0.010104095090992748,IRM
2015-11-27,27.93000030517578,28.350000381469727,27.8799991607666,28.059999465942383,17.231834411621094,961100,2015,0.004834178254205845,IRM
2015-11-30,28.1299991607666,28.260000228881836,27.729999542236328,27.780000686645508,17.059886932373047,2203600,2015,-0.009978477922935824,IRM
2015-12-01,27.969999313354492,28.15999984741211,27.790000915527344,28.040000915527344,17.21955680847168,1499800,2015,0.009359374814826182,IRM
2015-12-02,28.0,28.149999618530273,27.459999084472656,27.489999771118164,16.881790161132812,1370600,2015,-0.01961529272185991,IRM
2015-12-03,27.5,28.25,27.239999771118164,27.3700008392334,16.80810546875,1608000,2015,-0.004364744004013099,IRM
2015-12-04,27.43000030517578,27.93000030517578,27.329999923706055,27.600000381469727,16.94934844970703,2263600,2015,0.008403265984952002,IRM
2015-12-07,27.540000915527344,27.670000076293945,27.1299991607666,27.299999237060547,16.765117645263672,1029500,2015,-0.010869491826781319,IRM
2015-12-08,27.280000686645508,27.290000915527344,26.8700008392334,26.979999542236328,16.5685977935791,1017800,2015,-0.011721948860889064,IRM
2015-12-09,26.8700008392334,27.3799991607666,26.780000686645508,27.06999969482422,16.623870849609375,1069000,2015,0.0033360129033788155,IRM
2015-12-10,27.049999237060547,27.5,26.639999389648438,26.84000015258789,16.482620239257812,1293800,2015,-0.008496854410709131,IRM
2015-12-11,26.579999923706055,26.84000015258789,26.479999542236328,26.75,16.42736053466797,1365500,2015,-0.0033526043667637673,IRM
2015-12-14,26.729999542236328,26.899999618530273,25.989999771118164,26.1299991607666,16.046613693237305,1239600,2015,-0.023177603037757843,IRM
2015-12-15,26.34000015258789,26.829999923706055,26.229999542236328,26.719999313354492,16.408937454223633,1311800,2015,0.02257945308043574,IRM
2015-12-16,26.81999969482422,27.559999465942383,26.780000686645508,27.5,16.887937545776367,1913100,2015,0.029191414306320107,IRM
2015-12-17,27.489999771118164,27.670000076293945,27.100000381469727,27.15999984741211,16.679141998291016,1197500,2015,-0.012363590694209448,IRM
2015-12-18,27.09000015258789,27.139999389648438,26.770000457763672,26.770000457763672,16.43964385986328,2537800,2015,-0.014359140203511256,IRM
2015-12-21,26.969999313354492,27.25,26.639999389648438,26.959999084472656,16.55632209777832,797300,2015,0.007097370168699602,IRM
2015-12-22,27.030000686645508,27.329999923706055,26.899999618530273,27.100000381469727,16.64229965209961,1389500,2015,0.00519303464945442,IRM
2015-12-23,27.219999313354492,27.68000030517578,27.049999237060547,27.540000915527344,16.912500381469727,1442400,2015,0.016235780812661194,IRM
2015-12-24,27.56999969482422,27.709999084472656,27.270000457763672,27.34000015258789,16.789682388305664,623400,2015,-0.007261965433486672,IRM
2015-12-28,27.290000915527344,27.489999771118164,27.15999984741211,27.40999984741211,16.83266830444336,659700,2015,0.0025602578502399442,IRM
2015-12-29,27.540000915527344,28.34000015258789,27.540000915527344,28.260000228881836,17.354660034179688,1620700,2015,0.031010634814121252,IRM
2015-12-30,27.920000076293945,28.06999969482422,27.520000457763672,27.579999923706055,16.93706703186035,829800,2015,-0.024062298051180098,IRM
2015-12-31,27.530000686645508,27.56999969482422,26.989999771118164,27.010000228881836,16.587024688720703,744400,2015,-0.020667234916245114,IRM
2016-01-04,26.799999237060547,26.8799991607666,26.309999465942383,26.84000015258789,16.482620239257812,1082400,2016,-0.006294344611055269,IRM
2016-01-05,26.90999984741211,27.3700008392334,26.75,27.329999923706055,16.78354263305664,783000,2016,0.01825695122685045,IRM
2016-01-06,27.079999923706055,27.260000228881836,26.93000030517578,27.1200008392334,16.65457534790039,800600,2016,-0.00768415155106994,IRM
2016-01-07,26.729999542236328,26.809999465942383,26.110000610351562,26.219999313354492,16.101879119873047,824300,2016,-0.033185849322601935,IRM
2016-01-08,26.3799991607666,26.6200008392334,25.510000228881836,25.6200008392334,15.733417510986328,1659300,2016,-0.022883143398583883,IRM
2016-01-11,25.709999084472656,26.040000915527344,25.440000534057617,25.90999984741211,15.911508560180664,1159900,2016,0.011319285785810873,IRM
2016-01-12,26.06999969482422,26.139999389648438,25.170000076293945,25.3700008392334,15.5798921585083,1076000,2016,-0.020841292352520857,IRM
2016-01-13,25.40999984741211,25.780000686645508,25.040000915527344,25.059999465942383,15.389516830444336,938000,2016,-0.012219296907007071,IRM
2016-01-14,25.09000015258789,25.389999389648438,24.709999084472656,25.110000610351562,15.420226097106934,1260300,2016,0.0019954665894283963,IRM
2016-01-15,24.700000762939453,24.989999771118164,24.31999969482422,24.84000015258789,15.254416465759277,1142300,2016,-0.010752736717574152,IRM
2016-01-19,25.110000610351562,25.149999618530273,24.540000915527344,24.829999923706055,15.248271942138672,1003000,2016,-0.0004028029282141521,IRM
2016-01-20,24.56999969482422,24.84000015258789,23.639999389648438,24.559999465942383,15.082466125488281,1475300,2016,-0.01087374472855418,IRM
2016-01-21,24.670000076293945,25.34000015258789,24.389999389648438,24.8700008392334,15.272839546203613,1183400,2016,0.012622167961883646,IRM
2016-01-22,25.170000076293945,25.700000762939453,25.149999618530273,25.510000228881836,15.66586685180664,1123400,2016,0.0257337415491099,IRM
2016-01-25,25.479999542236328,25.489999771118164,25.15999984741211,25.270000457763672,15.518481254577637,1373200,2016,-0.009408071613477786,IRM
2016-01-26,25.459999084472656,25.81999969482422,25.350000381469727,25.809999465942383,15.850092887878418,1949100,2016,0.021368820045000403,IRM
2016-01-27,25.709999084472656,26.209999084472656,25.600000381469727,25.829999923706055,15.862381935119629,1192100,2016,0.0007753296670336418,IRM
2016-01-28,26.1299991607666,26.3799991607666,25.8700008392334,26.100000381469727,16.028186798095703,903100,2016,0.010452709035392749,IRM
2016-01-29,26.399999618530273,27.649999618530273,26.209999084472656,27.540000915527344,16.912500381469727,3934500,2016,0.055172403124169156,IRM
2016-02-01,27.239999771118164,27.40999984741211,26.920000076293945,27.079999923706055,16.630014419555664,1458600,2016,-0.016702791162894526,IRM
2016-02-02,26.899999618530273,26.989999771118164,26.350000381469727,26.6200008392334,16.347522735595703,1161800,2016,-0.016986857427361723,IRM
2016-02-03,26.809999465942383,27.15999984741211,26.290000915527344,27.100000381469727,16.64229965209961,1530800,2016,0.01803190130221055,IRM
2016-02-04,27.1299991607666,27.549999237060547,26.90999984741211,27.350000381469727,16.795820236206055,1657600,2016,0.009224721782189249,IRM
2016-02-05,27.020000457763672,27.149999618530273,26.719999313354492,27.0,16.58088493347168,1514700,2016,-0.012796951843473958,IRM
2016-02-08,26.760000228881836,26.809999465942383,26.079999923706055,26.670000076293945,16.37822723388672,3336600,2016,-0.01222236933662435,IRM
2016-02-09,26.40999984741211,26.760000228881836,26.270000457763672,26.559999465942383,16.3106746673584,3525700,2016,-0.004124534698636606,IRM
2016-02-10,26.59000015258789,27.0,26.450000762939453,26.729999542236328,16.415069580078125,1488300,2016,0.006400404327151943,IRM
2016-02-11,26.239999771118164,26.75,26.15999984741211,26.610000610351562,16.341381072998047,1520500,2016,-0.004489076742599352,IRM
2016-02-12,26.790000915527344,27.43000030517578,26.729999542236328,27.399999618530273,16.826526641845703,1066600,2016,0.029688162015222508,IRM
2016-02-16,27.719999313354492,28.639999389648438,27.489999771118164,28.6299991607666,17.581878662109375,1434300,2016,0.044890549092003074,IRM
2016-02-17,28.700000762939453,29.18000030517578,28.290000915527344,29.059999465942383,17.845945358276367,1016900,2016,0.01501925370103252,IRM
2016-02-18,28.860000610351562,29.469999313354492,28.670000076293945,29.270000457763672,17.97490692138672,1194700,2016,0.0072263789068782724,IRM
2016-02-19,29.09000015258789,29.190000534057617,28.56999969482422,28.950000762939453,17.778390884399414,966100,2016,-0.010932798586761439,IRM
2016-02-22,29.260000228881836,29.530000686645508,28.950000762939453,29.450000762939453,18.085447311401367,866400,2016,0.017271328378283934,IRM
2016-02-23,29.3700008392334,29.639999389648438,29.1299991607666,29.260000228881836,17.968767166137695,879800,2016,-0.006451604057927551,IRM
2016-02-24,29.110000610351562,29.170000076293945,28.799999237060547,29.1299991607666,17.888935089111328,1180500,2016,-0.004442824390134659,IRM
2016-02-25,29.31999969482422,29.950000762939453,28.790000915527344,29.93000030517578,18.380218505859375,1152100,2016,0.0274629772147299,IRM
2016-02-26,29.850000381469727,30.0,29.43000030517578,29.559999465942383,18.152996063232422,907100,2016,-0.012362336310339117,IRM
2016-02-29,29.600000381469727,29.969999313354492,29.270000457763672,29.3799991607666,18.042461395263672,1372300,2016,-0.006089059215554471,IRM
2016-03-01,29.520000457763672,30.030000686645508,29.510000228881836,29.969999313354492,18.404781341552734,1311700,2016,0.020081514287411784,IRM
2016-03-02,29.889999389648438,30.0,29.520000457763672,29.989999771118164,18.417062759399414,1238000,2016,0.000667294960954079,IRM
2016-03-03,29.5,30.290000915527344,29.15999984741211,30.200000762939453,18.850879669189453,1532800,2016,0.023555162701969667,IRM
2016-03-04,30.190000534057617,30.559999465942383,29.860000610351562,29.989999771118164,18.719797134399414,1014400,2016,-0.006953656120583296,IRM
2016-03-07,29.770000457763672,30.84000015258789,29.690000534057617,30.829999923706055,19.244131088256836,1362900,2016,0.02800959594235719,IRM
2016-03-08,30.700000762939453,31.049999237060547,30.540000915527344,30.940000534057617,19.31279754638672,1572500,2016,0.003568176594462402,IRM
2016-03-09,31.040000915527344,31.56999969482422,30.719999313354492,31.459999084472656,19.637380599975586,1849600,2016,0.01680663056759446,IRM
2016-03-10,31.5,31.610000610351562,30.31999969482422,30.600000381469727,19.100568771362305,1716000,2016,-0.027336223682192573,IRM
2016-03-11,30.93000030517578,31.829999923706055,30.670000076293945,31.790000915527344,19.843364715576172,1381400,2016,0.03888868196048434,IRM
2016-03-14,31.770000457763672,31.959999084472656,31.1299991607666,31.68000030517578,19.77469825744629,1003700,2016,-0.0034604241324044382,IRM
2016-03-15,31.440000534057617,31.6200008392334,31.06999969482422,31.190000534057617,19.46884536743164,875400,2016,-0.01546688025439158,IRM
2016-03-16,31.06999969482422,31.59000015258789,30.90999984741211,31.479999542236328,19.64986228942871,1066500,2016,0.00929777388339037,IRM
2016-03-17,31.6200008392334,32.68000030517578,31.510000228881836,32.619998931884766,20.361448287963867,1484300,2016,0.03621328170416627,IRM
2016-03-18,32.65999984741211,33.16999816894531,32.380001068115234,32.779998779296875,20.461322784423828,2280900,2016,0.004905078216808301,IRM
2016-03-21,32.56999969482422,32.599998474121094,31.93000030517578,32.38999938964844,20.217885971069336,893200,2016,-0.011897413276711899,IRM
2016-03-22,32.2599983215332,32.9900016784668,32.18000030517578,32.959999084472656,20.57368278503418,1208700,2016,0.017598121508547893,IRM
2016-03-23,32.88999938964844,32.9900016784668,32.63999938964844,32.849998474121094,20.50501823425293,1187000,2016,-0.0033374943853610173,IRM
2016-03-24,32.70000076293945,32.81999969482422,32.380001068115234,32.77000045776367,20.455081939697266,801900,2016,-0.002435320660785667,IRM
2016-03-28,32.83000183105469,33.36000061035156,32.810001373291016,33.09000015258789,20.654827117919922,769300,2016,0.009765063704536336,IRM
2016-03-29,33.0,33.52000045776367,32.470001220703125,33.5,20.910743713378906,1131300,2016,0.012390159162211312,IRM
2016-03-30,33.59000015258789,33.849998474121094,33.400001525878906,33.61000061035156,20.979408264160156,798200,2016,0.0032836972095506844,IRM
2016-03-31,33.58000183105469,34.150001525878906,33.5,33.90999984741211,21.166671752929688,1221100,2016,0.00892606151763764,IRM
2016-04-01,33.2599983215332,33.54999923706055,32.27000045776367,32.72999954223633,20.430110931396484,2170800,2016,-0.03479814068696252,IRM
2016-04-04,32.720001220703125,32.79999923706055,32.47999954223633,32.720001220703125,20.423871994018555,1104900,2016,-0.00030537951550435594,IRM
2016-04-05,32.61000061035156,32.810001373291016,32.349998474121094,32.619998931884766,20.361448287963867,1206000,2016,-0.003056408993993398,IRM
2016-04-06,32.59000015258789,32.59000015258789,32.119998931884766,32.5099983215332,20.292789459228516,788000,2016,-0.0033720012331311944,IRM
2016-04-07,32.38999938964844,32.540000915527344,32.209999084472656,32.279998779296875,20.149219512939453,918100,2016,-0.0070749241536023355,IRM
2016-04-08,32.5,32.849998474121094,32.459999084472656,32.68000030517578,20.398902893066406,1502900,2016,0.012391714724563352,IRM
2016-04-11,32.79999923706055,33.08000183105469,32.68000030517578,32.79999923706055,20.473806381225586,1188300,2016,0.003671937091510813,IRM
2016-04-12,32.91999816894531,33.209999084472656,32.75,33.15999984741211,20.698516845703125,1038700,2016,0.010975509892659607,IRM
2016-04-13,33.31999969482422,33.31999969482422,32.95000076293945,33.20000076293945,20.723487854003906,1356000,2016,0.001206415343037781,IRM
2016-04-14,33.099998474121094,33.279998779296875,32.91999816894531,33.27000045776367,20.767181396484375,1824200,2016,0.002108406788871031,IRM
2016-04-15,33.189998626708984,33.709999084472656,32.900001525878906,33.56999969482422,20.95444679260254,1689900,2016,0.009017371810979835,IRM
2016-04-18,34.040000915527344,35.06999969482422,33.90999984741211,34.75,21.69099998474121,2874400,2016,0.03515020937697555,IRM
2016-04-19,34.75,35.22999954223633,34.47999954223633,35.0099983215332,21.85329246520996,3121200,2016,0.007482019297538889,IRM
2016-04-20,35.099998474121094,35.47999954223633,35.02000045776367,35.04999923706055,21.878265380859375,3443700,2016,0.0011427530057162016,IRM
2016-04-21,35.099998474121094,35.25,34.5099983215332,35.209999084472656,21.978126525878906,10341300,2016,0.0045643995664710335,IRM
2016-04-22,35.16999816894531,35.880001068115234,35.099998474121094,35.56999969482422,22.202842712402344,3870600,2016,0.010224537849431226,IRM
2016-04-25,35.439998626708984,35.52000045776367,35.25,35.5,22.159149169921875,1871500,2016,-0.0019679255961247977,IRM
2016-04-26,35.68000030517578,36.0,35.52000045776367,35.970001220703125,22.452526092529297,2292900,2016,0.013239539133823808,IRM
2016-04-27,35.970001220703125,36.279998779296875,35.7599983215332,36.02000045776367,22.483728408813477,2289600,2016,0.0013897018159823027,IRM
2016-04-28,35.849998474121094,36.619998931884766,35.84000015258789,36.2400016784668,22.621063232421875,2936700,2016,0.0061081872682007265,IRM
2016-04-29,36.310001373291016,36.54999923706055,36.150001525878906,36.529998779296875,22.80207633972168,3531200,2016,0.008001971677457087,IRM
2016-05-02,37.36000061035156,37.61000061035156,36.5,36.599998474121094,22.845773696899414,12658100,2016,0.0019163762337561785,IRM
2016-05-03,36.52000045776367,36.560001373291016,36.119998931884766,36.5,22.783353805541992,11558600,2016,-0.0027322292597993236,IRM
2016-05-04,36.36000061035156,37.290000915527344,36.36000061035156,37.099998474121094,23.157882690429688,3543400,2016,0.01643870731606656,IRM
2016-05-05,37.27000045776367,37.380001068115234,36.95000076293945,37.27000045776367,23.26399040222168,1444700,2016,0.004581926301744366,IRM
2016-05-06,37.189998626708984,38.08000183105469,37.119998931884766,38.0,23.71965789794922,2093000,2016,0.019586815840674676,IRM
2016-05-09,37.93000030517578,38.63999938964844,37.93000030517578,38.150001525878906,23.813283920288086,2755900,2016,0.003947191091105973,IRM
2016-05-10,38.150001525878906,38.25,37.689998626708984,38.09000015258789,23.77583122253418,2883600,2016,-0.0015727649273100663,IRM
2016-05-11,38.04999923706055,38.04999923706055,37.29999923706055,37.4900016784668,23.40131950378418,2606600,2016,-0.0157517823559854,IRM
2016-05-12,37.5,38.209999084472656,37.5,38.08000183105469,23.769590377807617,1696500,2016,0.015737184134590576,IRM
2016-05-13,38.02000045776367,38.119998931884766,37.58000183105469,37.88999938964844,23.650989532470703,1296500,2016,-0.004989604088745492,IRM
2016-05-16,37.95000076293945,38.22999954223633,37.810001373291016,38.04999923706055,23.75086784362793,1866800,2016,0.0042230077105274155,IRM
2016-05-17,37.97999954223633,38.150001525878906,37.45000076293945,37.70000076293945,23.53239631652832,1847900,2016,-0.009198465021909574,IRM
2016-05-18,37.560001373291016,37.58000183105469,36.2599983215332,36.599998474121094,22.845773696899414,2642100,2016,-0.02917776032637387,IRM
2016-05-19,36.31999969482422,36.5,35.7599983215332,36.33000183105469,22.6772403717041,2543000,2016,-0.007377002303852187,IRM
2016-05-20,36.540000915527344,36.66999816894531,36.029998779296875,36.189998626708984,22.589847564697266,1968700,2016,-0.003853767282719356,IRM
2016-05-23,36.15999984741211,36.20000076293945,35.709999084472656,36.0,22.471248626708984,1713200,2016,-0.005250099083166204,IRM
2016-05-24,36.220001220703125,36.72999954223633,36.099998474121094,36.619998931884766,22.858253479003906,1859100,2016,0.017222222882396165,IRM
2016-05-25,36.790000915527344,36.880001068115234,36.40999984741211,36.54999923706055,22.81456756591797,1198800,2016,-0.0019111658345229987,IRM
2016-05-26,36.650001525878906,37.0,36.650001525878906,36.81999969482422,22.983097076416016,1600800,2016,0.007386925481323026,IRM
2016-05-27,36.81999969482422,37.310001373291016,36.540000915527344,36.79999923706055,22.970617294311523,3479900,2016,-0.0005429982766465002,IRM
2016-05-31,36.79999923706055,36.88999938964844,36.349998474121094,36.7400016784668,22.933162689208984,5351900,2016,-0.001630544126117739,IRM
2016-06-01,36.54999923706055,36.84000015258789,36.459999084472656,36.650001525878906,22.876985549926758,2354800,2016,-0.0024496027889192584,IRM
2016-06-02,36.119998931884766,36.650001525878906,36.099998474121094,36.619998931884766,23.1648006439209,2141200,2016,0.012580988581996966,IRM
2016-06-03,36.810001373291016,37.08000183105469,36.43000030517578,36.709999084472656,23.221731185913086,2229400,2016,0.0024576314239563857,IRM
2016-06-06,36.779998779296875,36.900001525878906,36.400001525878906,36.43000030517578,23.044614791870117,2424200,2016,-0.007627183030626594,IRM
2016-06-07,36.65999984741211,36.849998474121094,36.599998474121094,36.70000076293945,23.215410232543945,2020100,2016,0.0074115120697995085,IRM
2016-06-08,36.689998626708984,37.09000015258789,36.630001068115234,37.029998779296875,23.42416000366211,2123000,2016,0.008991862259902339,IRM
2016-06-09,36.97999954223633,37.150001525878906,36.66999816894531,37.11000061035156,23.47476577758789,1563800,2016,0.002160409334544644,IRM
2016-06-10,36.880001068115234,37.27000045776367,36.720001220703125,37.189998626708984,23.525365829467773,2448300,2016,0.002155508274684914,IRM
2016-06-13,37.220001220703125,38.13999938964844,37.150001525878906,37.939998626708984,23.999807357788086,3079000,2016,0.02016723275461363,IRM
2016-06-14,37.790000915527344,38.22999954223633,37.58000183105469,38.040000915527344,24.063051223754883,2581000,2016,0.0026351822339221176,IRM
2016-06-15,38.060001373291016,38.599998474121094,37.93000030517578,38.560001373291016,24.39199447631836,2233600,2016,0.01367005578406233,IRM
2016-06-16,38.36000061035156,38.470001220703125,38.040000915527344,38.349998474121094,24.259151458740234,1562800,2016,-0.005446172829659313,IRM
2016-06-17,38.25,38.40999984741211,37.90999984741211,38.25,24.195894241333008,1810600,2016,-0.0026075610070209754,IRM
2016-06-20,38.25,38.4900016784668,38.060001373291016,38.11000061035156,24.10733413696289,1232900,2016,-0.0036601294205871326,IRM
2016-06-21,38.2599983215332,38.400001525878906,38.04999923706055,38.22999954223633,24.183242797851562,1070900,2016,0.0031487787267312495,IRM
2016-06-22,38.20000076293945,38.40999984741211,38.16999816894531,38.27000045776367,24.208545684814453,990000,2016,0.001046298346933705,IRM
2016-06-23,38.54999923706055,38.7400016784668,38.45000076293945,38.599998474121094,24.417295455932617,874000,2016,0.008622978589296615,IRM
2016-06-24,37.36000061035156,37.939998626708984,37.36000061035156,37.72999954223633,23.86696434020996,4617100,2016,-0.02253857789925473,IRM
2016-06-27,37.599998474121094,38.04999923706055,37.279998779296875,37.97999954223633,24.025104522705078,1735000,2016,0.006625902659463501,IRM
2016-06-28,38.2400016784668,38.720001220703125,38.18000030517578,38.56999969482422,24.3983211517334,1862000,2016,0.015534443509938045,IRM
2016-06-29,38.7599983215332,39.61000061035156,38.7599983215332,39.54999923706055,25.01823616027832,1933300,2016,0.025408101020134355,IRM
2016-06-30,39.54999923706055,39.84000015258789,39.34000015258789,39.83000183105469,25.195362091064453,1802300,2016,0.007079872843608337,IRM
2016-07-01,39.91999816894531,40.0,39.720001220703125,39.939998626708984,25.264942169189453,1795900,2016,0.002761622471370462,IRM
2016-07-05,39.90999984741211,40.560001373291016,39.90999984741211,40.439998626708984,25.58123207092285,1821600,2016,0.012518924429564482,IRM
2016-07-06,40.31999969482422,40.61000061035156,39.689998626708984,40.0,25.302892684936523,2164300,2016,-0.01088060908147992,IRM
2016-07-07,40.02000045776367,40.06999969482422,39.22999954223633,39.279998779296875,24.847440719604492,1543800,2016,-0.017999995929444568,IRM
2016-07-08,39.599998474121094,40.09000015258789,39.25,39.849998474121094,25.208011627197266,3934100,2016,0.014511390193529428,IRM
2016-07-11,40.0,40.33000183105469,39.86000061035156,40.310001373291016,25.49899673461914,1091400,2016,0.011543358188074171,IRM
2016-07-12,40.5,41.040000915527344,40.310001373291016,40.959999084472656,25.91016960144043,1474200,2016,0.016125060570051808,IRM
2016-07-13,41.08000183105469,41.18000030517578,40.369998931884766,40.52000045776367,25.631839752197266,1246800,2016,-0.010742108350679791,IRM
2016-07-14,40.77000045776367,41.060001373291016,40.209999084472656,40.2599983215332,25.46736717224121,1123800,2016,-0.006416729409443045,IRM
2016-07-15,40.220001220703125,40.290000915527344,39.54999923706055,39.84000015258789,25.20168685913086,1887900,2016,-0.010432186072219407,IRM
2016-07-18,39.91999816894531,39.939998626708984,39.66999816894531,39.709999084472656,25.119447708129883,737400,2016,-0.003263239935511697,IRM
2016-07-19,39.68000030517578,40.09000015258789,39.529998779296875,39.9900016784668,25.296567916870117,2199700,2016,0.007051118750628804,IRM
2016-07-20,40.029998779296875,40.189998626708984,39.959999084472656,40.189998626708984,25.42308807373047,903500,2016,0.005001475191263927,IRM
2016-07-21,40.09000015258789,40.279998779296875,39.9900016784668,40.27000045776367,25.473691940307617,579000,2016,0.001990468916694521,IRM
2016-07-22,40.33000183105469,41.18000030517578,40.25,41.060001373291016,25.973426818847656,1135300,2016,0.01961768556010912,IRM
2016-07-25,41.0099983215332,41.13999938964844,40.72999954223633,41.11000061035156,26.005054473876953,1288700,2016,0.0012176928077256566,IRM
2016-07-26,41.130001068115234,41.290000915527344,40.90999984741211,41.25,26.093612670898438,1355500,2016,0.003405422477020581,IRM
2016-07-27,41.130001068115234,41.2400016784668,40.68000030517578,41.0,25.93547248840332,1087300,2016,-0.006060493979489712,IRM
2016-07-28,40.869998931884766,41.29999923706055,40.5099983215332,41.2400016784668,26.08729362487793,974400,2016,0.005853802607316938,IRM
2016-07-29,41.150001525878906,41.439998626708984,40.9900016784668,41.209999084472656,26.06831169128418,3015900,2016,-0.0007276313850987925,IRM
2016-08-01,41.22999954223633,41.5,40.91999816894531,41.02000045776367,25.948122024536133,1267600,2016,-0.004610565815362455,IRM
2016-08-02,40.88999938964844,41.22999954223633,40.2599983215332,40.47999954223633,25.60653305053711,1097900,2016,-0.013164304286684914,IRM
2016-08-03,40.5,40.540000915527344,39.93000030517578,40.2400016784668,25.45471954345703,1995700,2016,-0.005928702131618446,IRM
2016-08-04,40.209999084472656,40.33000183105469,37.7599983215332,37.95000076293945,24.00613021850586,3371400,2016,-0.05690847712849867,IRM
2016-08-05,38.06999969482422,38.15999984741211,37.130001068115234,37.779998779296875,23.898591995239258,3741800,2016,-0.004479615093635592,IRM
2016-08-08,37.790000915527344,37.790000915527344,36.650001525878906,36.790000915527344,23.272342681884766,2595800,2016,-0.02620444390528298,IRM
2016-08-09,36.84000015258789,36.849998474121094,36.380001068115234,36.77000045776367,23.259695053100586,2020800,2016,-0.000543461780236898,IRM
2016-08-10,36.86000061035156,37.2400016784668,36.540000915527344,36.70000076293945,23.215410232543945,2016900,2016,-0.0019039295423065594,IRM
2016-08-11,36.77000045776367,37.08000183105469,36.47999954223633,37.040000915527344,23.430482864379883,2339300,2016,0.009264218451519923,IRM
2016-08-12,37.040000915527344,37.58000183105469,37.040000915527344,37.15999984741211,23.50639533996582,1280900,2016,0.003239902311247045,IRM
2016-08-15,37.15999984741211,37.38999938964844,37.040000915527344,37.09000015258789,23.462114334106445,1242700,2016,-0.0018837854642940188,IRM
2016-08-16,37.060001373291016,37.130001068115234,36.81999969482422,36.869998931884766,23.32294273376465,1124600,2016,-0.005931758679544319,IRM
2016-08-17,37.029998779296875,37.16999816894531,36.56999969482422,36.959999084472656,23.3798828125,1485500,2016,0.002441376261363315,IRM
2016-08-18,36.869998931884766,37.439998626708984,36.869998931884766,37.43000030517578,23.677186965942383,1346800,2016,0.012716237965206156,IRM
2016-08-19,37.459999084472656,37.709999084472656,37.40999984741211,37.66999816894531,23.828998565673828,1897400,2016,0.006411724498768034,IRM
2016-08-22,37.689998626708984,37.959999084472656,37.27000045776367,37.939998626708984,23.999807357788086,1289100,2016,0.007168106189754608,IRM
2016-08-23,38.06999969482422,38.22999954223633,37.91999816894531,38.11000061035156,24.10733413696289,1313800,2016,0.00448031842805241,IRM
2016-08-24,38.02000045776367,38.08000183105469,37.720001220703125,38.0,24.037755966186523,1270300,2016,-0.0028861827019556197,IRM
2016-08-25,38.02000045776367,38.5099983215332,38.02000045776367,38.38999938964844,24.284454345703125,1490900,2016,0.010262953824126786,IRM
2016-08-26,38.43000030517578,38.959999084472656,37.9900016784668,38.25,24.195894241333008,2749400,2016,-0.0036467817274958847,IRM
2016-08-29,38.33000183105469,38.630001068115234,38.2599983215332,38.459999084472656,24.328739166259766,1130300,2016,0.005490391204464151,IRM
2016-08-30,38.45000076293945,38.52000045776367,38.279998779296875,38.400001525878906,24.29078483581543,1422200,2016,-0.0015600615463448042,IRM
2016-08-31,38.33000183105469,38.52000045776367,38.04999923706055,38.40999984741211,24.29710578918457,2909200,2016,0.00026022021980209864,IRM
2016-09-01,38.47999954223633,38.709999084472656,38.29999923706055,38.54999923706055,24.385669708251953,2144400,2016,0.0036450398593073086,IRM
2016-09-02,38.70000076293945,39.459999084472656,38.59000015258789,38.790000915527344,24.53748893737793,1247200,2016,0.006225755984655246,IRM
2016-09-06,38.88999938964844,39.599998474121094,38.86000061035156,39.58000183105469,25.037220001220703,1587200,2016,0.02036602299111112,IRM
2016-09-07,39.59000015258789,39.75,39.310001373291016,39.619998931884766,25.062522888183594,1415100,2016,0.0010106108809866399,IRM
2016-09-08,39.02000045776367,39.040000915527344,38.209999084472656,38.279998779296875,24.514972686767578,3019600,2016,-0.021847369630699554,IRM
2016-09-09,37.880001068115234,37.88999938964844,36.40999984741211,36.40999984741211,23.31739616394043,2250200,2016,-0.04885082019583742,IRM
2016-09-12,36.31999969482422,36.970001220703125,36.25,36.77000045776367,23.54795265197754,2048200,2016,0.009887745887924515,IRM
2016-09-13,36.560001373291016,36.560001373291016,35.95000076293945,36.0099983215332,23.061233520507812,1948000,2016,-0.020669275952058253,IRM
2016-09-14,36.09000015258789,36.369998931884766,35.52000045776367,35.630001068115234,22.817886352539062,1918300,2016,-0.010552218195628904,IRM
2016-09-15,35.560001373291016,36.20000076293945,35.41999816894531,36.04999923706055,23.086849212646484,2183100,2016,0.011787369607855647,IRM
2016-09-16,35.779998779296875,36.09000015258789,35.650001525878906,35.81999969482422,22.93955421447754,5534800,2016,-0.006380038991559811,IRM
2016-09-19,36.029998779296875,36.52000045776367,35.91999816894531,36.4900016784668,23.368635177612305,1181500,2016,0.018704851852088922,IRM
2016-09-20,36.689998626708984,36.939998626708984,36.59000015258789,36.599998474121094,23.439077377319336,1387100,2016,0.0030143908350503956,IRM
2016-09-21,36.68000030517578,36.97999954223633,36.04999923706055,36.91999816894531,23.64400863647461,1191600,2016,0.008743145297757104,IRM
2016-09-22,37.189998626708984,37.59000015258789,37.189998626708984,37.41999816894531,23.964218139648438,1227000,2016,0.01354294477290341,IRM
2016-09-23,37.38999938964844,37.81999969482422,37.099998474121094,37.650001525878906,24.111513137817383,989700,2016,0.006146455407416207,IRM
2016-09-26,37.599998474121094,38.040000915527344,37.400001525878906,37.86000061035156,24.24599266052246,1058300,2016,0.005577398728002558,IRM
2016-09-27,37.900001525878906,38.15999984741211,37.709999084472656,37.959999084472656,24.310039520263672,1200900,2016,0.002641544136301466,IRM
2016-09-28,38.06999969482422,38.470001220703125,37.779998779296875,38.439998626708984,24.617435455322266,1390900,2016,0.012644814287626538,IRM
2016-09-29,38.22999954223633,38.22999954223633,37.540000915527344,37.75,24.17555046081543,1148700,2016,-0.01795008238404061,IRM
2016-09-30,37.880001068115234,38.0099983215332,37.52000045776367,37.529998779296875,24.0346622467041,1322200,2016,-0.005827714836925235,IRM
2016-10-03,37.5099983215332,37.5099983215332,36.47999954223633,36.52000045776367,23.38784408569336,1339600,2016,-0.026911888936547945,IRM
2016-10-04,36.47999954223633,36.5,35.130001068115234,35.38999938964844,22.664182662963867,1822200,2016,-0.0309417755684529,IRM
2016-10-05,35.52000045776367,35.75,34.2599983215332,34.27000045776367,21.94692039489746,2230200,2016,-0.03164739177815146,IRM
2016-10-06,34.06999969482422,34.209999084472656,33.58000183105469,33.869998931884766,21.69075584411621,2328500,2016,-0.011672004371091949,IRM
2016-10-07,34.040000915527344,34.470001220703125,33.369998931884766,33.56999969482422,21.498632431030273,1852100,2016,-0.008857386735006356,IRM
2016-10-10,33.63999938964844,33.95000076293945,33.560001373291016,33.90999984741211,21.716371536254883,1486000,2016,0.010128044466229946,IRM
2016-10-11,33.900001525878906,34.08000183105469,33.630001068115234,33.689998626708984,21.575475692749023,1817500,2016,-0.006488001150221523,IRM
2016-10-12,33.7400016784668,34.63999938964844,33.59000015258789,34.61000061035156,22.16465950012207,2147100,2016,0.027308033239380913,IRM
2016-10-13,34.52000045776367,35.369998931884766,34.34000015258789,35.220001220703125,22.555307388305664,1939000,2016,0.0176248089072355,IRM
2016-10-14,35.220001220703125,35.290000915527344,34.380001068115234,34.38999938964844,22.023767471313477,1877700,2016,-0.023566068413138908,IRM
2016-10-17,34.40999984741211,34.470001220703125,34.099998474121094,34.119998931884766,21.850854873657227,1449100,2016,-0.00785118158741338,IRM
2016-10-18,34.41999816894531,34.41999816894531,33.97999954223633,34.150001525878906,21.870071411132812,1454300,2016,0.0008794409915171553,IRM
2016-10-19,34.25,34.40999984741211,33.66999816894531,34.25,21.934112548828125,2416800,2016,0.0029282546221003347,IRM
2016-10-20,34.279998779296875,34.34000015258789,33.779998779296875,34.04999923706055,21.8060245513916,755100,2016,-0.005839670839263844,IRM
2016-10-21,33.790000915527344,34.16999816894531,33.70000076293945,33.970001220703125,21.75479507446289,821400,2016,-0.0023493267563730047,IRM
2016-10-24,34.08000183105469,34.310001373291016,33.849998474121094,34.22999954223633,21.921302795410156,1320100,2016,0.007653840009861579,IRM
2016-10-25,34.209999084472656,34.380001068115234,34.04999923706055,34.25,21.934112548828125,668800,2016,0.0005843518306152262,IRM
2016-10-26,34.15999984741211,34.15999984741211,33.7400016784668,34.0099983215332,21.78040885925293,742000,2016,-0.00700751804902211,IRM
2016-10-27,33.97999954223633,33.9900016784668,32.54999923706055,32.7599983215332,20.97989845275879,1918900,2016,-0.036753690514586546,IRM
2016-10-28,32.83000183105469,33.33000183105469,32.720001220703125,32.83000183105469,21.02472496032715,1063100,2016,0.002136640826422287,IRM
2016-10-31,33.0,33.90999984741211,32.849998474121094,33.72999954223633,21.601089477539062,1655800,2016,0.027413653129802817,IRM
2016-11-01,33.290000915527344,34.650001525878906,32.880001068115234,33.16999816894531,21.242467880249023,2377800,2016,-0.016602014341125515,IRM
2016-11-02,33.16999816894531,33.25,32.06999969482422,32.11000061035156,20.563627243041992,1892500,2016,-0.031956768913757316,IRM
2016-11-03,32.11000061035156,32.2599983215332,31.56999969482422,32.099998474121094,20.557222366333008,1781900,2016,-0.00031146629110156976,IRM
2016-11-04,32.20000076293945,32.61000061035156,32.0099983215332,32.439998626708984,20.774961471557617,1247900,2016,0.0105918543538841,IRM
2016-11-07,32.869998931884766,33.31999969482422,32.75,33.290000915527344,21.319318771362305,1223100,2016,0.0262025660336338,IRM
2016-11-08,33.36000061035156,33.869998931884766,33.209999084472656,33.689998626708984,21.575475692749023,1275300,2016,0.01201524889860961,IRM
2016-11-09,32.81999969482422,33.08000183105469,32.22999954223633,32.779998779296875,20.99270248413086,2302600,2016,-0.02701090890960145,IRM
2016-11-10,32.75,32.869998931884766,31.399999618530273,31.459999084472656,20.14735984802246,2543300,2016,-0.040268404544265946,IRM
2016-11-11,31.469999313354492,31.860000610351562,31.229999542236328,31.540000915527344,20.198593139648438,2258700,2016,0.0025429283048719054,IRM
2016-11-14,31.530000686645508,31.700000762939453,30.75,31.670000076293945,20.281848907470703,2364600,2016,0.004121859737787448,IRM
2016-11-15,31.8700008392334,32.369998931884766,31.440000534057617,31.81999969482422,20.377904891967773,1800100,2016,0.004736056605849637,IRM
2016-11-16,31.700000762939453,32.290000915527344,31.40999984741211,32.2400016784668,20.646883010864258,1318400,2016,0.013199498197800752,IRM
2016-11-17,32.150001525878906,32.33000183105469,31.829999923706055,32.0,20.493181228637695,1302100,2016,-0.0074443092521851995,IRM
2016-11-18,31.969999313354492,31.979999542236328,31.290000915527344,31.549999237060547,20.20499610900879,1780200,2016,-0.014062488220530134,IRM
2016-11-21,31.790000915527344,32.849998474121094,31.770000457763672,32.59000015258789,20.871030807495117,1618300,2016,0.03296386175443833,IRM
2016-11-22,32.790000915527344,33.119998931884766,32.709999084472656,33.08000183105469,21.184833526611328,1291500,2016,0.015035324417398632,IRM
2016-11-23,32.779998779296875,33.25,32.72999954223633,33.099998474121094,21.1976318359375,872500,2016,0.000604126027712093,IRM
2016-11-25,33.13999938964844,33.869998931884766,33.13999938964844,33.65999984741211,21.556270599365234,568400,2016,0.01691881273358642,IRM
2016-11-28,33.63999938964844,34.0,33.25,33.279998779296875,21.312911987304688,1383300,2016,-0.011289458022841536,IRM
2016-11-29,33.290000915527344,33.939998626708984,33.18000030517578,33.72999954223633,21.601089477539062,1837400,2016,0.013521263091877511,IRM
2016-11-30,33.70000076293945,33.720001220703125,32.650001525878906,33.0,21.133596420288086,2912700,2016,-0.021642105493664077,IRM
2016-12-01,32.9900016784668,32.9900016784668,32.25,32.52000045776367,20.826194763183594,2084100,2016,-0.014545638659465898,IRM
2016-12-02,32.599998474121094,33.79999923706055,32.599998474121094,33.720001220703125,21.594690322875977,1877400,2016,0.03690043084831429,IRM
2016-12-05,33.72999954223633,33.9900016784668,33.400001525878906,33.970001220703125,21.75479507446289,1561900,2016,0.007414079534973084,IRM
2016-12-06,34.02000045776367,34.189998626708984,33.720001220703125,33.79999923706055,21.645923614501953,995500,2016,-0.005004481062142352,IRM
2016-12-07,33.84000015258789,34.72999954223633,33.459999084472656,34.720001220703125,22.235103607177734,2122800,2016,0.02721898141971879,IRM
2016-12-08,34.560001373291016,35.08000183105469,34.4900016784668,34.9900016784668,22.408018112182617,1251200,2016,0.007776644897173446,IRM
2016-12-09,34.95000076293945,35.08000183105469,34.560001373291016,34.650001525878906,22.190271377563477,1154700,2016,-0.009717358024659783,IRM
2016-12-12,34.369998931884766,34.380001068115234,33.79999923706055,34.13999938964844,21.863662719726562,1814600,2016,-0.014718551759900889,IRM
2016-12-13,33.529998779296875,33.56999969482422,33.0099983215332,33.15999984741211,21.583776473999023,1696000,2016,-0.012801434476713336,IRM
2016-12-14,33.130001068115234,33.20000076293945,32.150001525878906,32.220001220703125,20.97193145751953,2474400,2016,-0.028347449632669885,IRM
2016-12-15,31.940000534057617,31.950000762939453,31.389999389648438,31.75,20.666015625,3207100,2016,-0.01458691743005125,IRM
2016-12-16,31.850000381469727,32.220001220703125,31.770000457763672,32.060001373291016,20.86779022216797,3880800,2016,0.009763594532652853,IRM
2016-12-19,31.790000915527344,32.27000045776367,31.780000686645508,31.979999542236328,20.815717697143555,1410500,2016,-0.0024953540585767042,IRM
2016-12-20,31.799999237060547,32.06999969482422,31.6299991607666,31.969999313354492,20.809207916259766,1181700,2016,-0.00031273391475150625,IRM
2016-12-21,32.099998474121094,32.61000061035156,32.02000045776367,32.2400016784668,20.984954833984375,1397100,2016,0.008445632262018332,IRM
2016-12-22,32.220001220703125,32.52000045776367,31.969999313354492,32.40999984741211,21.095603942871094,986800,2016,0.0052727827990139975,IRM
2016-12-23,32.400001525878906,32.58000183105469,32.29999923706055,32.540000915527344,21.180217742919922,824100,2016,0.004010968364687173,IRM
2016-12-27,32.709999084472656,32.77000045776367,32.31999969482422,32.45000076293945,21.121644973754883,646200,2016,-0.002765446978684527,IRM
2016-12-28,32.459999084472656,32.599998474121094,32.040000915527344,32.119998931884766,20.90683937072754,768800,2016,-0.010169927734996698,IRM
2016-12-29,32.150001525878906,32.529998779296875,31.899999618530273,32.380001068115234,21.07607650756836,921800,2016,0.008094821691593257,IRM
2016-12-30,32.45000076293945,32.790000915527344,32.279998779296875,32.47999954223633,21.14116668701172,1995600,2016,0.0030883442380742476,IRM
2017-01-03,32.810001373291016,33.11000061035156,32.27000045776367,33.099998474121094,21.544721603393555,1812100,2017,0.01908858306432837,IRM
2017-01-04,33.20000076293945,33.959999084472656,32.869998931884766,33.90999984741211,22.071956634521484,1346300,2017,0.024471656716366308,IRM
2017-01-05,33.720001220703125,34.06999969482422,33.599998474121094,33.97999954223633,22.11751365661621,1465300,2017,0.0020640228163313346,IRM
2017-01-06,33.97999954223633,34.0,33.36000061035156,33.5,21.80508041381836,1102000,2017,-0.014126056285010624,IRM
2017-01-09,33.599998474121094,33.599998474121094,33.029998779296875,33.2599983215332,21.648862838745117,1271700,2017,-0.00716427420163257,IRM
2017-01-10,33.150001525878906,33.349998474121094,32.689998626708984,33.29999923706055,21.67490577697754,1077000,2017,0.001202970263445513,IRM
2017-01-11,33.34000015258789,33.540000915527344,33.060001373291016,33.189998626708984,21.603302001953125,1220500,2017,-0.003303533393001823,IRM
2017-01-12,33.18000030517578,33.720001220703125,33.119998931884766,33.689998626708984,21.928754806518555,842300,2017,0.015064956483782144,IRM
2017-01-13,33.59000015258789,33.75,33.119998931884766,33.400001525878906,21.739994049072266,863700,2017,-0.00860791044050424,IRM
2017-01-17,33.5,34.0,33.400001525878906,33.95000076293945,22.097986221313477,799100,2017,0.01646698575138239,IRM
2017-01-18,33.79999923706055,34.34000015258789,33.72999954223633,34.099998474121094,22.195621490478516,881000,2017,0.004418288082326249,IRM
2017-01-19,34.04999923706055,34.099998474121094,33.58000183105469,33.91999816894531,22.07845687866211,932000,2017,-0.005278726340988804,IRM
2017-01-20,33.95000076293945,34.720001220703125,33.84000015258789,34.68000030517578,22.573144912719727,1610600,2017,0.022405915267371457,IRM
2017-01-23,34.540000915527344,35.040000915527344,34.41999816894531,34.970001220703125,22.761903762817383,1169700,2017,0.008362098007499652,IRM
2017-01-24,35.0,35.380001068115234,34.939998626708984,35.310001373291016,22.983213424682617,1508800,2017,0.009722809839252333,IRM
2017-01-25,35.36000061035156,35.38999938964844,35.060001373291016,35.310001373291016,22.983213424682617,1547100,2017,0.0,IRM
2017-01-26,35.22999954223633,36.16999816894531,35.22999954223633,36.16999816894531,23.542972564697266,1561800,2017,0.024355129531778097,IRM
2017-01-27,36.2599983215332,36.279998779296875,35.970001220703125,36.18000030517578,23.54949188232422,1313300,2017,0.0002769114056875299,IRM
2017-01-30,36.08000183105469,36.08000183105469,35.54999923706055,35.790000915527344,23.295639038085938,1976600,2017,-0.010779546561207054,IRM
2017-01-31,35.81999969482422,36.08000183105469,35.720001220703125,35.79999923706055,23.302146911621094,3226400,2017,0.0002793601636992271,IRM
2017-02-01,35.790000915527344,36.06999969482422,35.29999923706055,35.97999954223633,23.4193172454834,2156800,2017,0.005028306374803115,IRM
2017-02-02,35.95000076293945,36.27000045776367,35.83000183105469,36.20000076293945,23.5625057220459,935900,2017,0.006114118317865014,IRM
2017-02-03,36.38999938964844,36.72999954223633,36.310001373291016,36.59000015258789,23.816360473632812,1249200,2017,0.010773673843584408,IRM
2017-02-06,36.58000183105469,36.70000076293945,36.38999938964844,36.66999816894531,23.868425369262695,1407600,2017,0.002186097900538808,IRM
2017-02-07,36.689998626708984,36.88999938964844,36.61000061035156,36.709999084472656,23.894460678100586,1635400,2017,0.0010907845169969566,IRM
2017-02-08,36.59000015258789,36.83000183105469,36.4900016784668,36.79999923706055,23.953046798706055,1239700,2017,0.002451870389322597,IRM
2017-02-09,36.79999923706055,37.18000030517578,36.66999816894531,37.029998779296875,24.10275650024414,1261600,2017,0.006250131884941279,IRM
2017-02-10,37.0,37.5,36.810001373291016,37.38999938964844,24.337078094482422,899100,2017,0.009721775774314656,IRM
2017-02-13,37.41999816894531,37.75,37.22999954223633,37.619998931884766,24.48678207397461,1110800,2017,0.006151271689682769,IRM
2017-02-14,37.5,37.619998931884766,37.02000045776367,37.04999923706055,24.11577606201172,1199700,2017,-0.015151276751762643,IRM
2017-02-15,36.880001068115234,37.36000061035156,36.86000061035156,37.2599983215332,24.252456665039062,932400,2017,0.005667684202900203,IRM
2017-02-16,37.150001525878906,37.470001220703125,36.90999984741211,37.0,24.083229064941406,1776300,2017,-0.006977750849529563,IRM
2017-02-17,36.97999954223633,37.2599983215332,36.86000061035156,37.150001525878906,24.180866241455078,1762700,2017,0.004054156369579287,IRM
2017-02-21,37.150001525878906,37.720001220703125,37.09000015258789,37.709999084472656,24.545366287231445,1512900,2017,0.015073903562291546,IRM
2017-02-22,37.630001068115234,37.70000076293945,37.040000915527344,37.13999938964844,24.17435073852539,1993800,2017,-0.01511550263151129,IRM
2017-02-23,37.349998474121094,37.70000076293945,36.709999084472656,36.939998626708984,24.044166564941406,1906300,2017,-0.005385219027889576,IRM
2017-02-24,36.7400016784668,37.060001373291016,36.72999954223633,36.900001525878906,24.018138885498047,1405500,2017,-0.0010824945573829625,IRM
2017-02-27,36.900001525878906,36.9900016784668,36.5099983215332,36.650001525878906,23.85541343688965,1588900,2017,-0.006775106488648541,IRM
2017-02-28,36.560001373291016,36.720001220703125,36.33000183105469,36.349998474121094,23.660139083862305,2419100,2017,-0.008185745912304143,IRM
2017-03-01,36.4900016784668,36.58000183105469,36.16999816894531,36.47999954223633,23.744760513305664,1443100,2017,0.003576539814217572,IRM
2017-03-02,36.41999816894531,36.5099983215332,36.130001068115234,36.369998931884766,23.67316246032715,1449100,2017,-0.0030153200719120754,IRM
2017-03-03,36.36000061035156,36.369998931884766,35.970001220703125,36.36000061035156,23.66664695739746,1265100,2017,-0.00027522739898422355,IRM
2017-03-06,36.25,36.29999923706055,35.95000076293945,36.119998931884766,23.51043128967285,1361700,2017,-0.0066006675134764325,IRM
2017-03-07,35.97999954223633,36.119998931884766,35.619998931884766,35.790000915527344,23.295639038085938,1065600,2017,-0.009136040463930684,IRM
2017-03-08,35.5099983215332,35.540000915527344,34.7400016784668,34.7599983215332,22.62520980834961,1189500,2017,-0.028779173159416027,IRM
2017-03-09,34.77000045776367,34.86000061035156,33.939998626708984,34.099998474121094,22.195621490478516,1777100,2017,-0.018987152893165993,IRM
2017-03-10,34.099998474121094,34.54999923706055,33.619998931884766,34.2400016784668,22.286746978759766,1584600,2017,0.004105561464919694,IRM
2017-03-13,33.790000915527344,34.04999923706055,33.68000030517578,34.0099983215332,22.498437881469727,1287400,2017,0.009498510613133115,IRM
2017-03-14,33.720001220703125,34.0,33.43000030517578,33.959999084472656,22.46535301208496,1352600,2017,-0.0014705407352754163,IRM
2017-03-15,33.880001068115234,34.66999816894531,33.880001068115234,34.4900016784668,22.815969467163086,1107600,2017,0.015606986228505537,IRM
2017-03-16,34.5,34.70000076293945,34.290000915527344,34.56999969482422,22.86888885498047,1536000,2017,0.002319401237521168,IRM
2017-03-17,34.70000076293945,35.099998474121094,34.56999969482422,35.060001373291016,23.193038940429688,2214600,2017,0.014174282253272885,IRM
2017-03-20,35.029998779296875,35.18000030517578,34.77000045776367,34.869998931884766,23.067346572875977,1043800,2017,-0.005419400531191498,IRM
2017-03-21,35.04999923706055,35.2400016784668,34.529998779296875,34.54999923706055,22.85565948486328,1245800,2017,-0.00917691540047394,IRM
2017-03-22,34.63999938964844,35.25,34.439998626708984,35.02000045776367,23.16657066345215,1673900,2017,0.013603246880483866,IRM
2017-03-23,34.95000076293945,35.4900016784668,34.79999923706055,35.060001373291016,23.193038940429688,1352800,2017,0.0011425202876182983,IRM
2017-03-24,35.08000183105469,35.400001525878906,34.689998626708984,34.72999954223633,22.974733352661133,1331900,2017,-0.009412547804936833,IRM
2017-03-27,34.650001525878906,34.90999984741211,34.31999969482422,34.58000183105469,22.875511169433594,1226500,2017,-0.0043187523312886444,IRM
2017-03-28,34.599998474121094,35.130001068115234,34.47999954223633,35.099998474121094,23.219491958618164,1019700,2017,0.01503707552748379,IRM
2017-03-29,35.119998931884766,35.41999816894531,35.04999923706055,35.38999938964844,23.411338806152344,867000,2017,0.008262318911890443,IRM
2017-03-30,35.27000045776367,35.5099983215332,35.119998931884766,35.38999938964844,23.411338806152344,1078600,2017,0.0,IRM
2017-03-31,35.31999969482422,35.84000015258789,35.25,35.66999816894531,23.59656524658203,1095000,2017,0.007911826058448757,IRM
2017-04-03,35.54999923706055,36.0,35.18000030517578,35.33000183105469,23.37164878845215,1052000,2017,-0.009531745649399626,IRM
2017-04-04,35.27000045776367,35.27000045776367,34.880001068115234,35.099998474121094,23.219491958618164,894100,2017,-0.006510316461248777,IRM
2017-04-05,35.20000076293945,35.400001525878906,34.900001525878906,34.939998626708984,23.1136531829834,1297500,2017,-0.004558186536699038,IRM
2017-04-06,35.0099983215332,35.31999969482422,34.84000015258789,35.29999923706055,23.351797103881836,849400,2017,0.010303170987862709,IRM
2017-04-07,35.31999969482422,35.630001068115234,35.209999084472656,35.52000045776367,23.497333526611328,1331300,2017,0.006232343578614685,IRM
2017-04-10,35.5099983215332,35.540000915527344,35.150001525878906,35.439998626708984,23.444412231445312,1218800,2017,-0.0022522255602356323,IRM
2017-04-11,35.5,35.630001068115234,35.31999969482422,35.5,23.484106063842773,1302100,2017,0.0016931041821650616,IRM
2017-04-12,35.5,35.59000015258789,35.22999954223633,35.34000015258789,23.378259658813477,1088900,2017,-0.004507150697648399,IRM
2017-04-13,35.34000015258789,35.52000045776367,35.11000061035156,35.290000915527344,23.345184326171875,1380700,2017,-0.0014147901992838108,IRM
2017-04-17,35.43000030517578,35.900001525878906,35.380001068115234,35.88999938964844,23.74209976196289,1480300,2017,0.017002026210006793,IRM
2017-04-18,35.849998474121094,36.70000076293945,35.77000045776367,36.540000915527344,24.17209243774414,1382500,2017,0.01811097923487548,IRM
2017-04-19,36.63999938964844,36.63999938964844,36.119998931884766,36.20000076293945,23.947175979614258,1163700,2017,-0.009304798858814634,IRM
2017-04-20,36.279998779296875,36.65999984741211,36.130001068115234,36.52000045776367,24.158859252929688,822800,2017,0.008839592338388158,IRM
2017-04-21,36.47999954223633,36.63999938964844,36.18000030517578,36.34000015258789,24.03978729248047,1223600,2017,-0.004928707899764739,IRM
2017-04-24,36.599998474121094,36.650001525878906,35.93000030517578,36.470001220703125,24.125783920288086,1144200,2017,0.0035772624258834096,IRM
2017-04-25,36.54999923706055,36.599998474121094,36.33000183105469,36.540000915527344,24.17209243774414,708700,2017,0.0019194616684399257,IRM
2017-04-26,36.470001220703125,36.5,36.099998474121094,36.099998474121094,23.881019592285156,1046500,2017,-0.012041690069184097,IRM
2017-04-27,36.099998474121094,36.13999938964844,34.77000045776367,34.86000061035156,23.060733795166016,1553900,2017,-0.03434885993662251,IRM
2017-04-28,34.79999923706055,34.81999969482422,34.56999969482422,34.7599983215332,22.994571685791016,1209000,2017,-0.00286903747134315,IRM
2017-05-01,34.95000076293945,35.33000183105469,34.86000061035156,35.189998626708984,23.279029846191406,1059800,2017,0.012370665750480736,IRM
2017-05-02,35.2599983215332,35.599998474121094,35.2599983215332,35.33000183105469,23.37164878845215,1183800,2017,0.0039786427043004835,IRM
2017-05-03,35.540000915527344,35.540000915527344,34.65999984741211,34.689998626708984,22.948272705078125,813400,2017,-0.01811494290395177,IRM
2017-05-04,34.77000045776367,34.79999923706055,34.29999923706055,34.75,22.98796272277832,1215300,2017,0.0017295427072125946,IRM
2017-05-05,34.900001525878906,35.27000045776367,34.880001068115234,35.2599983215332,23.325340270996094,773000,2017,0.01467627002385341,IRM
2017-05-08,35.29999923706055,35.33000183105469,34.7400016784668,34.900001525878906,23.087190628051758,797300,2017,-0.010209910774183317,IRM
2017-05-09,34.900001525878906,35.06999969482422,34.540000915527344,34.79999923706055,23.02104377746582,836200,2017,-0.0028650887694220417,IRM
2017-05-10,34.84000015258789,35.15999984741211,34.84000015258789,35.08000183105469,23.20627212524414,763200,2017,0.008046044721900625,IRM
2017-05-11,34.95000076293945,35.0,34.7400016784668,34.86000061035156,23.060733795166016,641400,2017,-0.006271508378969948,IRM
2017-05-12,34.91999816894531,34.91999816894531,34.5,34.56999969482422,22.86888885498047,851600,2017,-0.008319116897562151,IRM
2017-05-15,34.599998474121094,35.0,34.43000030517578,34.66999816894531,22.935039520263672,1356300,2017,0.0028926051327935465,IRM
2017-05-16,34.79999923706055,34.9900016784668,34.5099983215332,34.95000076293945,23.120267868041992,1185900,2017,0.008076216638504885,IRM
2017-05-17,34.84000015258789,35.40999984741211,34.84000015258789,35.2599983215332,23.325340270996094,1918500,2017,0.0088698108570604,IRM
2017-05-18,35.13999938964844,35.689998626708984,34.849998474121094,35.40999984741211,23.42456817626953,2426000,2017,0.004254081789187181,IRM
2017-05-19,35.4900016784668,35.4900016784668,34.900001525878906,34.97999954223633,23.14011001586914,1183200,2017,-0.012143581826561167,IRM
2017-05-22,35.0,35.119998931884766,34.4900016784668,34.810001373291016,23.027660369873047,1247400,2017,-0.00485951215957825,IRM
2017-05-23,34.880001068115234,35.0099983215332,34.66999816894531,34.720001220703125,22.968122482299805,703200,2017,-0.002585494427872259,IRM
2017-05-24,34.810001373291016,35.16999816894531,34.599998474121094,34.79999923706055,23.02104377746582,1256000,2017,0.002304119337869226,IRM
2017-05-25,34.90999984741211,35.130001068115234,34.75,35.08000183105469,23.20627212524414,949900,2017,0.008046044721900625,IRM
2017-05-26,35.11000061035156,35.25,34.9900016784668,35.16999816894531,23.265798568725586,708900,2017,0.00256510150187772,IRM
2017-05-30,35.150001525878906,35.38999938964844,35.0099983215332,35.040000915527344,23.179805755615234,658100,2017,-0.0036961040841273496,IRM
2017-05-31,35.15999984741211,35.310001373291016,34.83000183105469,34.91999816894531,23.100427627563477,1590800,2017,-0.003424451821928187,IRM
2017-06-01,34.9900016784668,35.040000915527344,34.63999938964844,34.9900016784668,23.146730422973633,1202400,2017,0.0020044129120322385,IRM
2017-06-02,35.220001220703125,35.689998626708984,35.15999984741211,35.2599983215332,23.325340270996094,946800,2017,0.007716418032206684,IRM
2017-06-05,35.13999938964844,35.349998474121094,34.7599983215332,34.810001373291016,23.027660369873047,955400,2017,-0.012762081824512439,IRM
2017-06-06,34.9900016784668,35.099998474121094,34.70000076293945,35.0,23.153343200683594,689300,2017,0.005457907090508307,IRM
2017-06-07,34.5,34.599998474121094,32.529998779296875,33.689998626708984,22.286746978759766,4726800,2017,-0.03742855683572477,IRM
2017-06-08,33.689998626708984,33.689998626708984,33.060001373291016,33.45000076293945,22.12798309326172,2320700,2017,-0.007123690399920446,IRM
2017-06-09,33.2400016784668,33.459999084472656,33.029998779296875,33.310001373291016,22.03537368774414,1414400,2017,-0.0041851715597965855,IRM
2017-06-12,33.310001373291016,34.310001373291016,33.310001373291016,34.29999923706055,22.690275192260742,1482000,2017,0.02972046282477403,IRM
2017-06-13,33.720001220703125,34.41999816894531,33.70000076293945,34.209999084472656,22.999540328979492,1491600,2017,0.01362985393955185,IRM
2017-06-14,34.5,34.650001525878906,34.08000183105469,34.189998626708984,22.9860897064209,911800,2017,-0.0005848213645228695,IRM
2017-06-15,33.939998626708984,34.790000915527344,33.93000030517578,34.619998931884766,23.275178909301758,1020000,2017,0.012576702108671567,IRM
2017-06-16,34.7400016784668,34.75,34.060001373291016,34.209999084472656,22.999540328979492,1900900,2017,-0.011842597704463165,IRM
2017-06-19,34.20000076293945,34.72999954223633,34.15999984741211,34.720001220703125,23.342416763305664,742700,2017,0.014907969003804311,IRM
2017-06-20,34.7400016784668,34.95000076293945,34.599998474121094,34.810001373291016,23.402921676635742,1068600,2017,0.0025920586520069566,IRM
2017-06-21,34.75,34.75,33.97999954223633,34.04999923706055,22.8919677734375,980900,2017,-0.02183291087575412,IRM
2017-06-22,34.040000915527344,34.22999954223633,33.83000183105469,34.119998931884766,22.93902587890625,835400,2017,0.002055660130858339,IRM
2017-06-23,34.119998931884766,34.59000015258789,34.06999969482422,34.52000045776367,23.20795249938965,1266900,2017,0.011723541439948137,IRM
2017-06-26,34.59000015258789,34.849998474121094,34.56999969482422,34.75,23.362581253051758,524600,2017,0.0066627486274877246,IRM
2017-06-27,34.560001373291016,34.9900016784668,34.22999954223633,34.27000045776367,23.039875030517578,697700,2017,-0.013812952389069877,IRM
2017-06-28,34.5099983215332,34.97999954223633,34.29999923706055,34.720001220703125,23.342416763305664,743100,2017,0.013131222820755406,IRM
2017-06-29,34.54999923706055,34.790000915527344,33.880001068115234,34.189998626708984,22.9860897064209,919500,2017,-0.015265216986653729,IRM
2017-06-30,34.209999084472656,34.5099983215332,33.91999816894531,34.36000061035156,23.10038948059082,1007500,2017,0.004972562781654588,IRM
2017-07-03,34.650001525878906,35.040000915527344,34.619998931884766,34.880001068115234,23.44997787475586,469000,2017,0.015133441557717786,IRM
2017-07-05,34.810001373291016,34.88999938964844,34.20000076293945,34.52000045776367,23.20795249938965,864700,2017,-0.010320921267339633,IRM
2017-07-06,34.380001068115234,34.54999923706055,33.88999938964844,34.06999969482422,22.90541648864746,838400,2017,-0.013035876850839956,IRM
2017-07-07,34.189998626708984,34.65999984741211,34.060001373291016,34.43000030517578,23.14743995666504,866300,2017,0.010566211190158104,IRM
2017-07-10,34.400001525878906,34.439998626708984,33.45000076293945,33.459999084472656,22.495309829711914,1358400,2017,-0.028172883401965665,IRM
2017-07-11,33.4900016784668,33.4900016784668,32.91999816894531,33.34000015258789,22.41463279724121,1121400,2017,-0.003586393478526073,IRM
2017-07-12,33.599998474121094,34.150001525878906,33.5,33.9900016784668,22.851633071899414,935800,2017,0.01949620493948001,IRM
2017-07-13,33.970001220703125,34.130001068115234,33.81999969482422,33.939998626708984,22.81801414489746,965300,2017,-0.0014711826894898694,IRM
2017-07-14,34.22999954223633,34.880001068115234,34.11000061035156,34.779998779296875,23.382747650146484,943900,2017,0.02474945898722347,IRM
2017-07-17,34.63999938964844,34.81999969482422,34.36000061035156,34.7400016784668,23.355854034423828,853400,2017,-0.0011501477980705443,IRM
2017-07-18,34.709999084472656,34.849998474121094,34.56999969482422,34.68000030517578,23.31552505493164,598100,2017,-0.0017267182537084036,IRM
2017-07-19,34.689998626708984,34.9900016784668,34.560001373291016,34.95000076293945,23.497037887573242,477900,2017,0.007785063051934493,IRM
2017-07-20,34.97999954223633,35.119998931884766,34.68000030517578,34.689998626708984,23.322242736816406,821100,2017,-0.007439029191389279,IRM
2017-07-21,34.689998626708984,35.060001373291016,34.61000061035156,35.0,23.530656814575195,606300,2017,0.008936279418350512,IRM
2017-07-24,34.97999954223633,35.04999923706055,34.66999816894531,34.88999938964844,23.45670509338379,691500,2017,-0.003142781851529053,IRM
2017-07-25,35.0,35.0,34.630001068115234,34.86000061035156,23.436534881591797,793800,2017,-0.0008598910934716208,IRM
2017-07-26,35.040000915527344,35.11000061035156,34.7599983215332,34.959999084472656,23.503768920898438,956600,2017,0.0028687704750862686,IRM
2017-07-27,34.95000076293945,35.0099983215332,34.66999816894531,34.7599983215332,23.369300842285156,827700,2017,-0.005721128346089177,IRM
2017-07-28,34.790000915527344,35.439998626708984,34.349998474121094,35.189998626708984,23.65839195251465,1752900,2017,0.012370550243694156,IRM
2017-07-31,35.189998626708984,36.720001220703125,35.189998626708984,36.43000030517578,24.492055892944336,2486700,2017,0.03523755723140254,IRM
2017-08-01,36.369998931884766,37.25,36.369998931884766,36.869998931884766,24.787866592407227,1540900,2017,0.012077822325569088,IRM
2017-08-02,36.83000183105469,37.02000045776367,36.4900016784668,36.91999816894531,24.82148551940918,1049000,2017,0.0013562654485259618,IRM
2017-08-03,37.0,37.7599983215332,36.869998931884766,37.400001525878906,25.144187927246094,1239200,2017,0.013000930487604201,IRM
2017-08-04,37.349998474121094,37.56999969482422,36.77000045776367,37.0,24.875268936157227,1056700,2017,-0.01069507561218419,IRM
2017-08-07,36.90999984741211,37.22999954223633,36.77000045776367,37.119998931884766,24.95594596862793,543700,2017,0.003243262723219731,IRM
2017-08-08,37.06999969482422,37.65999984741211,37.04999923706055,37.18000030517578,24.996280670166016,1014500,2017,0.0016162361302107797,IRM
2017-08-09,37.33000183105469,38.369998931884766,37.25,38.310001373291016,25.755985260009766,1728200,2017,0.030392705213559523,IRM
2017-08-10,38.20000076293945,38.20000076293945,37.7400016784668,37.83000183105469,25.433286666870117,1283100,2017,-0.012529071976162709,IRM
2017-08-11,37.709999084472656,37.7400016784668,37.09000015258789,37.130001068115234,24.962665557861328,1066500,2017,-0.018504140466510388,IRM
2017-08-14,37.38999938964844,37.86000061035156,37.279998779296875,37.630001068115234,25.298818588256836,958000,2017,0.013466231385279581,IRM
2017-08-15,37.54999923706055,37.54999923706055,37.09000015258789,37.38999938964844,25.137466430664062,966400,2017,-0.006377853457064986,IRM
2017-08-16,37.5099983215332,37.63999938964844,36.97999954223633,37.4900016784668,25.204700469970703,2085100,2017,0.002674654563620704,IRM
2017-08-17,37.470001220703125,37.72999954223633,37.09000015258789,37.130001068115234,24.962665557861328,1332800,2017,-0.00960276883265243,IRM
2017-08-18,37.150001525878906,37.209999084472656,36.63999938964844,36.88999938964844,24.801311492919922,835000,2017,-0.0064638155155105625,IRM
2017-08-21,36.970001220703125,37.79999923706055,36.91999816894531,37.58000183105469,25.26520538330078,838500,2017,0.018704409664516586,IRM
2017-08-22,37.58000183105469,37.91999816894531,37.5,37.72999954223633,25.366050720214844,849200,2017,0.003991471091729926,IRM
2017-08-23,37.650001525878906,38.720001220703125,37.599998474121094,38.38999938964844,25.809770584106445,1312300,2017,0.017492666429858916,IRM
2017-08-24,38.369998931884766,38.79999923706055,38.16999816894531,38.529998779296875,25.903892517089844,1276400,2017,0.0036467558933421795,IRM
2017-08-25,38.72999954223633,38.779998779296875,38.470001220703125,38.470001220703125,25.863554000854492,947600,2017,-0.0015572376317087855,IRM
2017-08-28,38.470001220703125,39.279998779296875,38.34000015258789,39.060001373291016,26.26021957397461,1781200,2017,0.015336854830817703,IRM
2017-08-29,39.029998779296875,39.43000030517578,38.97999954223633,39.2400016784668,26.381229400634766,1368700,2017,0.004608104144722569,IRM
2017-08-30,39.11000061035156,39.58000183105469,38.970001220703125,39.5099983215332,26.562744140625,1358000,2017,0.006880450385146508,IRM
2017-08-31,39.599998474121094,39.7400016784668,39.36000061035156,39.41999816894531,26.502243041992188,1388100,2017,-0.00227766748467384,IRM
2017-09-01,39.439998626708984,39.560001373291016,39.290000915527344,39.439998626708984,26.515687942504883,901700,2017,0.0005073117958880324,IRM
2017-09-05,39.529998779296875,39.9900016784668,39.400001525878906,39.560001373291016,26.596370697021484,1303200,2017,0.0030428308966206075,IRM
2017-09-06,39.63999938964844,39.72999954223633,39.209999084472656,39.2400016784668,26.381229400634766,1210600,2017,-0.008089122340696364,IRM
2017-09-07,39.43000030517578,39.939998626708984,39.400001525878906,39.869998931884766,26.80478286743164,905600,2017,0.016055107226605747,IRM
2017-09-08,39.77000045776367,40.22999954223633,39.77000045776367,40.040000915527344,26.91907501220703,1379700,2017,0.004263871315079992,IRM
2017-09-11,40.04999923706055,40.38999938964844,40.0099983215332,40.380001068115234,27.147655487060547,937800,2017,0.008491394104361394,IRM
2017-09-12,40.369998931884766,40.439998626708984,40.0099983215332,40.13999938964844,26.986303329467773,1055700,2017,-0.005943502475551865,IRM
2017-09-13,40.119998931884766,40.16999816894531,39.59000015258789,39.709999084472656,26.69721221923828,1376500,2017,-0.010712512443815103,IRM
2017-09-14,39.15999984741211,39.25,38.54999923706055,39.150001525878906,26.690393447875977,1411500,2017,-0.0002554113630407473,IRM
2017-09-15,39.130001068115234,39.65999984741211,39.130001068115234,39.470001220703125,26.908559799194336,4769800,2017,0.008173965353655,IRM
2017-09-18,39.5099983215332,39.869998931884766,39.27000045776367,39.41999816894531,26.874469757080078,1044800,2017,-0.0012668846779112508,IRM
2017-09-19,39.470001220703125,39.84000015258789,39.40999984741211,39.84000015258789,27.160799026489258,1276300,2017,0.010654322559564111,IRM
2017-09-20,39.90999984741211,40.099998474121094,39.41999816894531,39.720001220703125,27.078990936279297,1452200,2017,-0.00301199129415064,IRM
2017-09-21,39.66999816894531,39.900001525878906,39.41999816894531,39.77000045776367,27.113075256347656,918700,2017,0.0012586997849575177,IRM
2017-09-22,39.880001068115234,40.63999938964844,39.880001068115234,40.130001068115234,27.358505249023438,821400,2017,0.00905208982586081,IRM
2017-09-25,40.189998626708984,40.439998626708984,40.0,40.08000183105469,27.324420928955078,935900,2017,-0.001245839995939746,IRM
2017-09-26,40.189998626708984,40.20000076293945,39.349998474121094,39.36000061035156,26.83356285095215,1038700,2017,-0.017964079798038046,IRM
2017-09-27,39.290000915527344,39.380001068115234,38.08000183105469,38.130001068115234,25.995012283325195,1832000,2017,-0.031250064416891155,IRM
2017-09-28,38.11000061035156,38.869998931884766,37.959999084472656,38.779998779296875,26.438152313232422,1042100,2017,0.017047117542294155,IRM
2017-09-29,38.72999954223633,39.099998474121094,38.599998474121094,38.900001525878906,26.51996421813965,1091300,2017,0.0030944637861958224,IRM
2017-10-02,38.83000183105469,39.369998931884766,38.619998931884766,39.25,26.75856590270996,1018300,2017,0.0089970590686963,IRM
2017-10-03,39.13999938964844,39.279998779296875,38.70000076293945,38.95000076293945,26.554046630859375,809300,2017,-0.007643132767061855,IRM
2017-10-04,38.959999084472656,39.13999938964844,38.47999954223633,39.02000045776367,26.601768493652344,1091400,2017,0.0017971597119028626,IRM
2017-10-05,39.06999969482422,39.369998931884766,38.97999954223633,39.0099983215332,26.594953536987305,890800,2017,-0.0002561843460394675,IRM
2017-10-06,38.06999969482422,38.36000061035156,37.5099983215332,38.119998931884766,25.988195419311523,2530200,2017,-0.02281478389619762,IRM
2017-10-09,38.130001068115234,38.619998931884766,38.130001068115234,38.31999969482422,26.12453842163086,976100,2017,0.005246343584827118,IRM
2017-10-10,38.41999816894531,38.84000015258789,38.41999816894531,38.79999923706055,26.451780319213867,635900,2017,0.012526226963384568,IRM
2017-10-11,38.869998931884766,39.279998779296875,38.709999084472656,38.939998626708984,26.547229766845703,1207500,2017,0.0036084318892708467,IRM
2017-10-12,38.849998474121094,39.869998931884766,38.779998779296875,39.810001373291016,27.14034652709961,1329000,2017,0.02234194548595192,IRM
2017-10-13,40.0,40.0,39.47999954223633,39.86000061035156,27.1744327545166,889100,2017,0.0012559245469823122,IRM
2017-10-16,39.86000061035156,39.959999084472656,39.619998931884766,39.810001373291016,27.14034652709961,651500,2017,-0.0012543491790578676,IRM
2017-10-17,39.779998779296875,40.13999938964844,39.599998474121094,40.11000061035156,27.344867706298828,998700,2017,0.0075356878363732616,IRM
2017-10-18,40.27000045776367,41.08000183105469,40.22999954223633,40.790000915527344,27.808456420898438,2147100,2017,0.016953408573003426,IRM
2017-10-19,40.72999954223633,41.15999984741211,40.5099983215332,40.959999084472656,27.924358367919922,1021000,2017,0.00416786697065219,IRM
2017-10-20,41.04999923706055,41.16999816894531,40.790000915527344,40.91999816894531,27.89708709716797,848500,2017,-0.0009766122606162941,IRM
2017-10-23,41.0,41.0099983215332,40.0,40.060001373291016,27.310791015625,1675500,2017,-0.02101639068985406,IRM
2017-10-24,40.099998474121094,40.2400016784668,39.84000015258789,39.900001525878906,27.20170021057129,1692400,2017,-0.003994421289053807,IRM
2017-10-25,39.7599983215332,40.15999984741211,39.0099983215332,39.810001373291016,27.14034652709961,1868600,2017,-0.0022555091408527073,IRM
2017-10-26,39.95000076293945,40.11000061035156,39.650001525878906,39.65999984741211,27.038082122802734,948400,2017,-0.0037679844726655753,IRM
2017-10-27,39.369998931884766,40.02000045776367,39.33000183105469,40.0,27.269882202148438,1065000,2017,0.008573096209002706,IRM
2017-10-30,39.91999816894531,40.13999938964844,39.7599983215332,40.11000061035156,27.344867706298828,1037200,2017,0.0027497553379414175,IRM
2017-10-31,40.029998779296875,40.04999923706055,39.59000015258789,40.0,27.269882202148438,1151000,2017,-0.00274221491783333,IRM
2017-11-01,40.18000030517578,40.33000183105469,39.7599983215332,39.810001373291016,27.14034652709961,827000,2017,-0.004750136949202566,IRM
2017-11-02,39.91999816894531,40.279998779296875,39.7400016784668,39.88999938964844,27.194887161254883,913500,2017,0.002009577663307116,IRM
2017-11-03,39.66999816894531,40.13999938964844,39.560001373291016,40.119998931884766,27.35169219970703,593800,2017,0.0057659749614829,IRM
2017-11-06,40.13999938964844,40.869998931884766,40.13999938964844,40.63999938964844,27.706195831298828,929600,2017,0.012960939637789437,IRM
2017-11-07,40.630001068115234,40.959999084472656,40.38999938964844,40.599998474121094,27.678922653198242,1007000,2017,-0.00098437108676519,IRM
2017-11-08,40.599998474121094,40.91999816894531,40.599998474121094,40.77000045776367,27.794818878173828,993300,2017,0.004187165318090713,IRM
2017-11-09,40.59000015258789,41.0,40.529998779296875,40.630001068115234,27.699378967285156,614000,2017,-0.003433730268471602,IRM
2017-11-10,40.40999984741211,40.83000183105469,40.40999984741211,40.65999984741211,27.719833374023438,931300,2017,0.0007384427918921688,IRM
2017-11-13,40.7400016784668,41.029998779296875,40.65999984741211,40.9900016784668,27.94480323791504,752200,2017,0.008115844740337552,IRM
2017-11-14,40.81999969482422,41.18000030517578,40.630001068115234,41.0,27.951622009277344,1164600,2017,0.0002440085658950153,IRM
2017-11-15,41.0,41.0,40.5099983215332,40.529998779296875,27.631210327148438,812200,2017,-0.011463080103993994,IRM
2017-11-16,40.59000015258789,40.9900016784668,40.0,40.81999969482422,27.82891082763672,1517600,2017,0.0071549707069484825,IRM
2017-11-17,40.66999816894531,40.779998779296875,40.29999923706055,40.77000045776367,27.794818878173828,1352800,2017,-0.0012250551117162223,IRM
2017-11-20,40.75,40.91999816894531,40.459999084472656,40.91999816894531,27.89708709716797,765400,2017,0.003679398647725929,IRM
2017-11-21,41.0,41.529998779296875,40.790000915527344,41.349998474121094,28.190242767333984,1839400,2017,0.010508468828481332,IRM
2017-11-22,41.290000915527344,41.33000183105469,40.4900016784668,41.13999938964844,28.04707145690918,980200,2017,-0.005078754078368775,IRM
2017-11-24,41.25,41.5099983215332,41.150001525878906,41.439998626708984,28.25159454345703,511900,2017,0.007292136965603602,IRM
2017-11-27,41.400001525878906,41.459999084472656,40.209999084472656,40.5,27.610755920410156,2999900,2017,-0.022683272693197143,IRM
2017-11-28,40.599998474121094,41.06999969482422,40.54999923706055,40.68000030517578,27.733469009399414,1279900,2017,0.004444394399884866,IRM
2017-11-29,40.70000076293945,40.79999923706055,40.40999984741211,40.52000045776367,27.624393463134766,1191900,2017,-0.003932993244648908,IRM
2017-11-30,40.56999969482422,40.93000030517578,40.54999923706055,40.869998931884766,27.862995147705078,1408100,2017,0.008637354694818189,IRM
2017-12-01,40.88999938964844,41.130001068115234,40.349998474121094,40.75,27.781187057495117,1260600,2017,-0.0029360838551737434,IRM
2017-12-04,40.90999984741211,41.06999969482422,40.5099983215332,40.529998779296875,27.631210327148438,1626000,2017,-0.005398499712639837,IRM
2017-12-05,40.54999923706055,40.630001068115234,40.34000015258789,40.349998474121094,27.50849151611328,762000,2017,-0.004441311458390329,IRM
2017-12-06,40.34000015258789,40.41999816894531,40.06999969482422,40.06999969482422,27.317598342895508,982600,2017,-0.006939427162189427,IRM
2017-12-07,40.06999969482422,40.150001525878906,39.83000183105469,39.9900016784668,27.263057708740234,725000,2017,-0.0019965384024858146,IRM
2017-12-08,40.06999969482422,40.15999984741211,39.91999816894531,40.119998931884766,27.35169219970703,1050700,2017,0.003251084009493921,IRM
2017-12-11,40.2400016784668,40.75,40.040000915527344,40.70000076293945,27.747102737426758,801900,2017,0.014456529227978132,IRM
2017-12-12,38.36000061035156,39.4900016784668,37.59000015258789,37.79999923706055,25.770030975341797,8606900,2017,-0.07125326852299363,IRM
2017-12-13,37.95000076293945,38.41999816894531,37.75,38.34000015258789,26.13817596435547,7927000,2017,0.014285779841162638,IRM
2017-12-14,37.93000030517578,38.849998474121094,37.90999984741211,37.959999084472656,26.282190322875977,4013300,2017,0.005509732535158518,IRM
2017-12-15,38.06999969482422,38.15999984741211,37.5,37.68000030517578,26.088329315185547,6050800,2017,-0.007376135904536563,IRM
2017-12-18,37.81999969482422,38.38999938964844,37.81999969482422,37.939998626708984,26.268346786499023,2340800,2017,0.006900306613681462,IRM
2017-12-19,37.970001220703125,38.34000015258789,37.77000045776367,37.95000076293945,26.275266647338867,1531600,2017,0.00026342962867387243,IRM
2017-12-20,37.93000030517578,38.08000183105469,37.16999816894531,37.18000030517578,25.74214744567871,2254400,2017,-0.020289773223448937,IRM
2017-12-21,37.279998779296875,37.41999816894531,36.93000030517578,37.150001525878906,25.72137451171875,1488800,2017,-0.0008069619678698903,IRM
2017-12-22,37.209999084472656,37.720001220703125,37.20000076293945,37.65999984741211,26.07448387145996,2339900,2017,0.01372824611609813,IRM
2017-12-26,37.72999954223633,38.0,37.5,37.65999984741211,26.07448387145996,1148400,2017,0.0,IRM
2017-12-27,37.77000045776367,37.95000076293945,37.31999969482422,37.45000076293945,25.929086685180664,1376300,2017,-0.005576224902324678,IRM
2017-12-28,37.459999084472656,38.040000915527344,37.45000076293945,37.97999954223633,26.296037673950195,1186000,2017,0.01415209849945298,IRM
2017-12-29,38.029998779296875,38.130001068115234,37.70000076293945,37.72999954223633,26.122943878173828,1084900,2017,-0.0065825048595758995,IRM
2018-01-02,37.79999923706055,37.939998626708984,37.459999084472656,37.61000061035156,26.03986167907715,1307700,2018,-0.0031804301798502577,IRM
2018-01-03,37.59000015258789,37.689998626708984,37.0099983215332,37.099998474121094,25.686756134033203,1869700,2018,-0.013560192807309135,IRM
2018-01-04,37.130001068115234,37.279998779296875,36.88999938964844,36.91999816894531,25.5621337890625,1827800,2018,-0.004851618644270417,IRM
2018-01-05,37.0,37.15999984741211,36.560001373291016,36.79999923706055,25.479045867919922,1893200,2018,-0.003250429789164566,IRM
2018-01-08,36.709999084472656,37.11000061035156,36.43000030517578,37.040000915527344,25.645217895507812,1442600,2018,0.006521909354428201,IRM
2018-01-09,37.08000183105469,37.279998779296875,36.81999969482422,36.83000183105469,25.499818801879883,1122500,2018,-0.005669637677494621,IRM
2018-01-10,36.75,36.779998779296875,36.2400016784668,36.54999923706055,25.30595588684082,1358700,2018,-0.007602521278495145,IRM
2018-01-11,36.5,36.68000030517578,36.15999984741211,36.58000183105469,25.326723098754883,1949200,2018,0.0008206452270338449,IRM
2018-01-12,36.58000183105469,36.599998474121094,36.04999923706055,36.220001220703125,25.077472686767578,1665100,2018,-0.009841399971698639,IRM
2018-01-16,36.36000061035156,37.11000061035156,36.20000076293945,36.22999954223633,25.08439826965332,1346000,2018,0.0002761674979072648,IRM
2018-01-17,36.400001525878906,36.400001525878906,36.04999923706055,36.33000183105469,25.15363883972168,1882100,2018,0.002760304206783637,IRM
2018-01-18,36.20000076293945,36.220001220703125,35.27000045776367,35.29999923706055,24.44049835205078,2975500,2018,-0.02835138455374231,IRM
2018-01-19,35.369998931884766,35.849998474121094,35.310001373291016,35.4900016784668,24.572052001953125,1750100,2018,0.005382609143536721,IRM
2018-01-22,35.599998474121094,36.2400016784668,35.59000015258789,35.810001373291016,24.793607711791992,1891500,2018,0.009016573374549974,IRM
2018-01-23,36.02000045776367,36.45000076293945,35.81999969482422,36.349998474121094,25.167476654052734,1691400,2018,0.015079247304656151,IRM
2018-01-24,36.34000015258789,36.400001525878906,35.650001525878906,35.77000045776367,24.765913009643555,1685700,2018,-0.015955657769310627,IRM
2018-01-25,35.77000045776367,35.970001220703125,35.70000076293945,35.81999969482422,24.8005313873291,1015900,2018,0.0013978236002067934,IRM
2018-01-26,35.9900016784668,35.9900016784668,35.33000183105469,35.7599983215332,24.758987426757812,1788800,2018,-0.0016751238077307162,IRM
2018-01-29,35.7599983215332,35.77000045776367,34.0099983215332,34.08000183105469,23.59581756591797,3653500,2018,-0.046979702392141,IRM
2018-01-30,34.099998474121094,34.310001373291016,33.56999969482422,33.93000030517578,23.491960525512695,2807600,2018,-0.004401502093120291,IRM
2018-01-31,34.0099983215332,35.040000915527344,34.0099983215332,35.029998779296875,24.25356101989746,3380100,2018,0.032419622600576625,IRM
2018-02-01,34.939998626708984,35.11000061035156,34.540000915527344,34.619998931884766,23.969688415527344,2055300,2018,-0.011704368036398072,IRM
2018-02-02,34.36000061035156,34.45000076293945,33.41999816894531,33.65999984741211,23.30501937866211,2364200,2018,-0.027729565163419845,IRM
2018-02-05,33.529998779296875,34.27000045776367,32.72999954223633,32.72999954223633,22.661117553710938,2002700,2018,-0.027629319439258837,IRM
2018-02-06,32.209999084472656,33.790000915527344,32.04999923706055,33.11000061035156,22.924219131469727,3135100,2018,0.011610264901331213,IRM
2018-02-07,32.95000076293945,33.93000030517578,32.709999084472656,33.18000030517578,22.972686767578125,2566700,2018,0.0021142546156289743,IRM
2018-02-08,33.20000076293945,33.279998779296875,32.060001373291016,32.06999969482422,22.204158782958984,2103900,2018,-0.03345398787675902,IRM
2018-02-09,32.33000183105469,33.38999938964844,31.90999984741211,33.099998474121094,22.917293548583984,2365000,2018,0.03211717104870959,IRM
2018-02-12,33.220001220703125,33.47999954223633,32.70000076293945,33.29999923706055,23.055767059326172,2607800,2018,0.006042315182140934,IRM
2018-02-13,33.25,33.790000915527344,32.939998626708984,33.540000915527344,23.22193717956543,1686900,2018,0.007207312591755333,IRM
2018-02-14,33.25,33.349998474121094,32.72999954223633,33.189998626708984,22.979604721069336,1441200,2018,-0.010435497117326609,IRM
2018-02-15,33.43000030517578,33.7400016784668,33.060001373291016,33.720001220703125,23.346559524536133,2561500,2018,0.015968716952313278,IRM
2018-02-16,34.869998931884766,35.25,33.130001068115234,33.16999816894531,22.96575927734375,3047900,2018,-0.0163107650526485,IRM
2018-02-20,32.75,33.150001525878906,31.889999389648438,32.119998931884766,22.238773345947266,3840300,2018,-0.031655209941770734,IRM
2018-02-21,31.889999389648438,32.349998474121094,31.450000762939453,31.469999313354492,21.788738250732422,2912700,2018,-0.020236507122676217,IRM
2018-02-22,31.700000762939453,32.029998779296875,31.34000015258789,31.579999923706055,21.86490249633789,2293400,2018,0.0034955785291013175,IRM
2018-02-23,31.780000686645508,32.040000915527344,31.760000228881836,31.959999084472656,22.127994537353516,1550600,2018,0.012032618991083543,IRM
2018-02-26,32.08000183105469,32.29999923706055,31.809999465942383,31.950000762939453,22.121076583862305,1854100,2018,-0.0003126335502087185,IRM
2018-02-27,32.029998779296875,32.2599983215332,31.020000457763672,31.049999237060547,21.49794578552246,2316600,2018,-0.028169099093234395,IRM
2018-02-28,31.209999084472656,31.559999465942383,30.950000762939453,31.459999084472656,21.78181266784668,2543300,2018,0.01320437241568384,IRM
2018-03-01,31.360000610351562,32.09000015258789,31.149999618530273,31.6299991607666,21.899520874023438,2161600,2018,0.005403967427858536,IRM
2018-03-02,31.479999542236328,31.59000015258789,31.100000381469727,31.549999237060547,21.844127655029297,2046600,2018,-0.002529426068852758,IRM
2018-03-05,31.389999389648438,32.22999954223633,31.260000228881836,32.099998474121094,22.224925994873047,1724600,2018,0.017432526757646727,IRM
2018-03-06,32.11000061035156,32.43000030517578,31.8799991607666,32.38999938964844,22.425722122192383,1310700,2018,0.009034726476284227,IRM
2018-03-07,32.2400016784668,32.75,32.13999938964844,32.709999084472656,22.64727210998535,2005000,2018,0.009879279988657563,IRM
2018-03-08,32.79999923706055,32.88999938964844,32.52000045776367,32.709999084472656,22.64727210998535,1612400,2018,0.0,IRM
2018-03-09,32.7599983215332,33.25,32.54999923706055,33.25,23.021150588989258,2629400,2018,0.016508764375161133,IRM
2018-03-12,33.290000915527344,33.380001068115234,32.86000061035156,33.0099983215332,22.854978561401367,2106300,2018,-0.0072182329438984505,IRM
2018-03-13,33.13999938964844,33.369998931884766,33.119998931884766,33.220001220703125,23.000377655029297,1623100,2018,0.006361812733155947,IRM
2018-03-14,32.709999084472656,32.9900016784668,32.54999923706055,32.97999954223633,23.245662689208984,1999100,2018,0.010664391596459488,IRM
2018-03-15,32.97999954223633,33.09000015258789,32.619998931884766,32.88999938964844,23.182226181030273,1758100,2018,-0.0027289610550943477,IRM
2018-03-16,32.439998626708984,32.59000015258789,31.8700008392334,32.52000045776367,22.921436309814453,5377900,2018,-0.011249561158592325,IRM
2018-03-19,32.22999954223633,32.22999954223633,31.329999923706055,31.459999084472656,22.174301147460938,1926800,2018,-0.03259547753705161,IRM
2018-03-20,31.469999313354492,31.739999771118164,31.3700008392334,31.729999542236328,22.364612579345703,1367900,2018,0.0085825222007756,IRM
2018-03-21,31.719999313354492,31.969999313354492,31.389999389648438,31.610000610351562,22.280031204223633,1446800,2018,-0.0037819289210573315,IRM
2018-03-22,31.459999084472656,32.029998779296875,31.420000076293945,31.639999389648438,22.301176071166992,2231900,2018,0.0009490501494158199,IRM
2018-03-23,31.670000076293945,31.8700008392334,30.780000686645508,30.889999389648438,21.772541046142578,1836700,2018,-0.02370435636835677,IRM
2018-03-26,31.1200008392334,31.350000381469727,30.950000762939453,31.270000457763672,22.040388107299805,1249100,2018,0.012302057926522059,IRM
2018-03-27,31.530000686645508,32.36000061035156,31.25,31.899999618530273,22.48443603515625,2202700,2018,0.020147010374530483,IRM
2018-03-28,32.040000915527344,33.02000045776367,32.029998779296875,32.709999084472656,23.055356979370117,1776500,2018,0.025391828521791115,IRM
2018-03-29,32.79999923706055,33.09000015258789,32.70000076293945,32.86000061035156,23.161083221435547,1901700,2018,0.004585756020174969,IRM
2018-04-02,32.869998931884766,32.95000076293945,32.33000183105469,32.369998931884766,22.815706253051758,2050600,2018,-0.014911952307314458,IRM
2018-04-03,32.43000030517578,32.959999084472656,32.150001525878906,32.81999969482422,23.132888793945312,1569900,2018,0.013901938312829154,IRM
2018-04-04,32.540000915527344,33.470001220703125,32.5,33.29999923706055,23.471210479736328,1390400,2018,0.01462513777698038,IRM
2018-04-05,33.34000015258789,33.83000183105469,33.119998931884766,33.77000045776367,23.802490234375,1680200,2018,0.014114302069110574,IRM
2018-04-06,33.77000045776367,34.310001373291016,33.470001220703125,33.529998779296875,23.63332748413086,2219900,2018,-0.007106934971024104,IRM
2018-04-09,33.59000015258789,33.83000183105469,33.209999084472656,33.31999969482422,23.48531150817871,1183800,2018,-0.006263018868229109,IRM
2018-04-10,33.58000183105469,33.709999084472656,33.40999984741211,33.459999084472656,23.583988189697266,1460900,2018,0.004201633922726211,IRM
2018-04-11,33.380001068115234,33.72999954223633,33.15999984741211,33.540000915527344,23.640377044677734,797700,2018,0.0023909804621213837,IRM
2018-04-12,33.599998474121094,33.599998474121094,32.849998474121094,33.15999984741211,23.372533798217773,1554500,2018,-0.011329905862066725,IRM
2018-04-13,33.349998474121094,33.380001068115234,32.95000076293945,33.349998474121094,23.506454467773438,784300,2018,0.005729831036371147,IRM
2018-04-16,33.4900016784668,33.9900016784668,33.31999969482422,33.61000061035156,23.689712524414062,1332900,2018,0.007796073920542268,IRM
2018-04-17,33.720001220703125,34.38999938964844,33.400001525878906,34.22999954223633,24.1267147064209,1193000,2018,0.01844691789976216,IRM
2018-04-18,34.29999923706055,34.77000045776367,34.2599983215332,34.52000045776367,24.331117630004883,1164300,2018,0.008472057885675843,IRM
2018-04-19,34.36000061035156,34.40999984741211,33.58000183105469,33.7599983215332,23.795438766479492,1102900,2018,-0.022016204585061816,IRM
2018-04-20,33.86000061035156,33.880001068115234,33.209999084472656,33.34000015258789,23.499404907226562,1304300,2018,-0.012440781704347148,IRM
2018-04-23,33.41999816894531,33.61000061035156,33.220001220703125,33.439998626708984,23.56989097595215,1173500,2018,0.0029994831360138363,IRM
2018-04-24,33.58000183105469,33.90999984741211,33.47999954223633,33.7599983215332,23.795438766479492,1718400,2018,0.00956931836288355,IRM
2018-04-25,33.65999984741211,33.869998931884766,33.58000183105469,33.779998779296875,23.809539794921875,1994500,2018,0.0005925937563397987,IRM
2018-04-26,33.970001220703125,34.61000061035156,33.65999984741211,34.33000183105469,24.19719886779785,1721500,2018,0.016281670129493886,IRM
2018-04-27,34.16999816894531,34.70000076293945,34.08000183105469,34.5,24.317020416259766,1551300,2018,0.004951876831552404,IRM
2018-04-30,34.59000015258789,34.599998474121094,33.93000030517578,33.939998626708984,23.922311782836914,1540700,2018,-0.016231784431900542,IRM
2018-05-01,33.970001220703125,34.20000076293945,33.77000045776367,34.119998931884766,24.04918098449707,1362100,2018,0.005303383837308662,IRM
2018-05-02,33.95000076293945,34.189998626708984,33.709999084472656,34.0,23.964603424072266,2022500,2018,-0.0035168582447496766,IRM
2018-05-03,33.9900016784668,34.349998474121094,33.93000030517578,34.29999923706055,24.17605209350586,1165500,2018,0.008823374444878018,IRM
2018-05-04,34.25,34.720001220703125,34.099998474121094,34.4900016784668,24.30997657775879,1054600,2018,0.0055395514426817005,IRM
2018-05-07,34.56999969482422,34.63999938964844,34.31999969482422,34.439998626708984,24.27472496032715,1450800,2018,-0.0014500884983942308,IRM
2018-05-08,34.43000030517578,34.52000045776367,33.400001525878906,33.4900016784668,23.60512924194336,2011200,2018,-0.027584070240883385,IRM
2018-05-09,33.63999938964844,33.93000030517578,33.209999084472656,33.41999816894531,23.55579376220703,1632700,2018,-0.002090032180322332,IRM
2018-05-10,33.650001525878906,33.86000061035156,33.5099983215332,33.720001220703125,23.767244338989258,1166600,2018,0.00897658465330431,IRM
2018-05-11,33.83000183105469,34.060001373291016,33.380001068115234,33.529998779296875,23.63332748413086,1076000,2018,-0.005634513322131829,IRM
2018-05-14,33.529998779296875,33.790000915527344,33.22999954223633,33.5099983215332,23.619218826293945,738000,2018,-0.0005969814384533256,IRM
2018-05-15,33.27000045776367,33.31999969482422,32.529998779296875,32.75,23.08354949951172,2107200,2018,-0.022679383713821055,IRM
2018-05-16,32.880001068115234,33.16999816894531,32.560001373291016,32.619998931884766,22.991918563842773,1199700,2018,-0.003969534047217671,IRM
2018-05-17,32.619998931884766,32.779998779296875,31.959999084472656,32.04999923706055,22.590160369873047,1206600,2018,-0.01747388730758359,IRM
2018-05-18,32.119998931884766,32.209999084472656,31.8700008392334,32.08000183105469,22.611309051513672,1014200,2018,0.000936189973614665,IRM
2018-05-21,32.209999084472656,32.7599983215332,32.04999923706055,32.68000030517578,23.034210205078125,1355100,2018,0.018703081391749032,IRM
2018-05-22,32.66999816894531,32.70000076293945,32.27000045776367,32.52000045776367,22.921436309814453,1260000,2018,-0.004895930629252088,IRM
2018-05-23,32.529998779296875,32.900001525878906,32.470001220703125,32.869998931884766,23.168134689331055,903200,2018,0.010762780140918693,IRM
2018-05-24,32.84000015258789,33.040000915527344,32.779998779296875,32.97999954223633,23.245662689208984,1014600,2018,0.003346320319590923,IRM
2018-05-25,33.040000915527344,33.2400016784668,32.900001525878906,32.9900016784668,23.25271224975586,929400,2018,0.00030326347934783726,IRM
2018-05-29,33.02000045776367,33.34000015258789,32.75,33.2599983215332,23.443017959594727,1251700,2018,0.008184237081455548,IRM
2018-05-30,33.2599983215332,33.77000045776367,32.61000061035156,33.5,23.612184524536133,1676400,2018,0.007216074535837169,IRM
2018-05-31,33.40999984741211,33.70000076293945,33.20000076293945,33.290000915527344,23.46416473388672,3084800,2018,-0.006268788493313804,IRM
2018-06-01,33.349998474121094,34.119998931884766,33.150001525878906,33.95000076293945,23.929359436035156,1245700,2018,0.019825751626973975,IRM
2018-06-04,34.150001525878906,34.58000183105469,34.150001525878906,34.56999969482422,24.366363525390625,1454300,2018,0.018262256059282,IRM
2018-06-05,34.619998931884766,34.68000030517578,34.36000061035156,34.43000030517578,24.267684936523438,1444300,2018,-0.004049787271882432,IRM
2018-06-06,34.45000076293945,34.689998626708984,34.2599983215332,34.630001068115234,24.40865135192871,1216700,2018,0.005808811832442862,IRM
2018-06-07,34.689998626708984,34.959999084472656,34.540000915527344,34.79999923706055,24.528474807739258,2233700,2018,0.004909056796416511,IRM
2018-06-08,34.599998474121094,34.83000183105469,34.369998931884766,34.61000061035156,24.39455223083496,1690200,2018,-0.0054598819516508135,IRM
2018-06-11,34.61000061035156,34.720001220703125,34.45000076293945,34.63999938964844,24.41569709777832,1404900,2018,0.0008667864342528642,IRM
2018-06-12,34.63999938964844,35.13999938964844,34.599998474121094,35.0,24.66944122314453,1897000,2018,0.010392663553697945,IRM
2018-06-13,35.06999969482422,35.11000061035156,34.439998626708984,34.63999938964844,24.41569709777832,2874000,2018,-0.010285767037485738,IRM
2018-06-14,34.20000076293945,34.439998626708984,33.849998474121094,33.9900016784668,24.371246337890625,1801600,2018,-0.001820581231397278,IRM
2018-06-15,33.59000015258789,33.810001373291016,33.25,33.2599983215332,23.847824096679688,3100100,2018,-0.021477040359530575,IRM
2018-06-18,33.2400016784668,33.52000045776367,33.060001373291016,33.380001068115234,23.933868408203125,1680100,2018,0.00360805711978629,IRM
2018-06-19,33.209999084472656,34.08000183105469,33.150001525878906,33.83000183105469,24.25652313232422,2848100,2018,0.013481093762949925,IRM
2018-06-20,33.84000015258789,34.40999984741211,33.77000045776367,34.31999969482422,24.60785675048828,1420800,2018,0.01448408810477364,IRM
2018-06-21,34.369998931884766,34.790000915527344,34.31999969482422,34.70000076293945,24.880329132080078,1177900,2018,0.011072576712166882,IRM
2018-06-22,34.77000045776367,35.130001068115234,34.68000030517578,35.0,25.095426559448242,2155300,2018,0.008645280624154816,IRM
2018-06-25,35.029998779296875,35.150001525878906,34.810001373291016,34.93000030517578,25.04523468017578,1324500,2018,-0.002000040890062671,IRM
2018-06-26,34.959999084472656,35.060001373291016,34.52000045776367,34.58000183105469,24.794282913208008,1488000,2018,-0.01001994072614587,IRM
2018-06-27,34.68000030517578,35.0,34.400001525878906,34.400001525878906,24.665220260620117,1597800,2018,-0.005205339192090097,IRM
2018-06-28,34.45000076293945,34.7400016784668,34.15999984741211,34.650001525878906,24.84447479248047,1232700,2018,0.007267501768331908,IRM
2018-06-29,34.630001068115234,35.369998931884766,34.20000076293945,35.0099983215332,25.10259246826172,2026200,2018,0.010389339196631875,IRM
2018-07-02,34.900001525878906,35.04999923706055,34.41999816894531,34.900001525878906,25.023723602294922,1487400,2018,-0.0031418613860905165,IRM
2018-07-03,34.81999969482422,35.720001220703125,34.7599983215332,35.560001373291016,25.4969539642334,840900,2018,0.01891126874079907,IRM
2018-07-05,35.650001525878906,35.7400016784668,35.119998931884766,35.68000030517578,25.582992553710938,2285200,2018,0.0033744654203884394,IRM
2018-07-06,35.77000045776367,36.09000015258789,35.72999954223633,35.88999938964844,25.733570098876953,973800,2018,0.0058858456394372816,IRM
2018-07-09,36.0,36.52000045776367,35.75,36.5,26.170948028564453,2012500,2018,0.01699639529248942,IRM
2018-07-10,36.5,36.63999938964844,36.099998474121094,36.459999084472656,26.142269134521484,1453600,2018,-0.0010958293911120798,IRM
2018-07-11,36.279998779296875,36.720001220703125,36.09000015258789,36.619998931884766,26.25697898864746,1345600,2018,0.004387907321117046,IRM
2018-07-12,36.72999954223633,36.810001373291016,36.47999954223633,36.7400016784668,26.34303092956543,2108200,2018,0.0032772978549884257,IRM
2018-07-13,36.79999923706055,36.95000076293945,36.560001373291016,36.63999938964844,26.271324157714844,1437600,2018,-0.0027220395421586607,IRM
2018-07-16,36.59000015258789,36.619998931884766,36.150001525878906,36.36000061035156,26.07056427001953,1231500,2018,-0.0076417879239770725,IRM
2018-07-17,36.2599983215332,36.2599983215332,34.88999938964844,35.029998779296875,25.11693572998047,3455200,2018,-0.03657874567508734,IRM
2018-07-18,34.90999984741211,35.11000061035156,34.439998626708984,34.70000076293945,24.880329132080078,2346600,2018,-0.00942020159003587,IRM
2018-07-19,34.709999084472656,35.58000183105469,34.369998931884766,35.41999816894531,25.396570205688477,1761400,2018,0.02074896480942323,IRM
2018-07-20,35.34000015258789,35.34000015258789,34.779998779296875,34.95000076293945,25.0595760345459,1328100,2018,-0.013269278820456476,IRM
2018-07-23,34.779998779296875,34.91999816894531,34.54999923706055,34.810001373291016,24.959197998046875,994800,2018,-0.004005576006579137,IRM
2018-07-24,34.900001525878906,35.15999984741211,34.63999938964844,35.04999923706055,25.13127899169922,1456700,2018,0.006894492109314143,IRM
2018-07-25,35.20000076293945,35.41999816894531,34.970001220703125,35.349998474121094,25.346376419067383,1193600,2018,0.008558952667677922,IRM
2018-07-26,35.380001068115234,35.7400016784668,35.220001220703125,35.45000076293945,25.418087005615234,1496600,2018,0.0028292243972951603,IRM
2018-07-27,36.0,36.0,33.0099983215332,34.459999084472656,24.708240509033203,4936400,2018,-0.027926826138615968,IRM
2018-07-30,34.470001220703125,35.16999816894531,34.380001068115234,34.90999984741211,25.030895233154297,3275500,2018,0.013058587640149222,IRM
2018-07-31,34.900001525878906,35.52000045776367,34.75,35.11000061035156,25.174297332763672,5369100,2018,0.00572900402776777,IRM
2018-08-01,34.849998474121094,35.33000183105469,34.41999816894531,35.29999923706055,25.310531616210938,2493500,2018,0.0054116419475971345,IRM
2018-08-02,35.290000915527344,35.93000030517578,35.22999954223633,35.58000183105469,25.511289596557617,1323200,2018,0.007931796273219938,IRM
2018-08-03,35.65999984741211,36.209999084472656,35.56999969482422,35.7599983215332,25.640356063842773,1576200,2018,0.00505919023797885,IRM
2018-08-06,35.810001373291016,36.18000030517578,35.790000915527344,36.0099983215332,25.81960678100586,1387100,2018,0.006990960527878842,IRM
2018-08-07,36.029998779296875,36.08000183105469,35.779998779296875,35.93000030517578,25.76224708557129,1514400,2018,-0.002221555731699465,IRM
2018-08-08,35.70000076293945,35.869998931884766,35.41999816894531,35.58000183105469,25.511289596557617,1200100,2018,-0.009741288800627412,IRM
2018-08-09,35.61000061035156,35.95000076293945,35.400001525878906,35.459999084472656,25.42525291442871,1766700,2018,-0.003372494432445916,IRM
2018-08-10,35.189998626708984,35.189998626708984,34.439998626708984,34.599998474121094,24.808624267578125,2499600,2018,-0.024252606215006467,IRM
2018-08-13,34.04999923706055,35.25,34.0,34.83000183105469,24.973539352416992,1952800,2018,0.0066474901252138174,IRM
2018-08-14,34.959999084472656,35.400001525878906,34.790000915527344,35.310001373291016,25.317707061767578,1303200,2018,0.013781294853477677,IRM
2018-08-15,35.290000915527344,35.7400016784668,35.20000076293945,35.54999923706055,25.489778518676758,1107700,2018,0.006796486604785157,IRM
2018-08-16,35.70000076293945,36.119998931884766,35.599998474121094,36.08000183105469,25.869800567626953,958500,2018,0.014908801528885185,IRM
2018-08-17,36.130001068115234,36.5099983215332,36.11000061035156,36.47999954223633,26.15660285949707,1026900,2018,0.011086374288830747,IRM
2018-08-20,36.65999984741211,36.79999923706055,36.54999923706055,36.56999969482422,26.22113800048828,695400,2018,0.0024672600389992194,IRM
2018-08-21,36.61000061035156,36.7599983215332,36.290000915527344,36.310001373291016,26.034713745117188,1045200,2018,-0.007109693536856532,IRM
2018-08-22,36.33000183105469,36.41999816894531,35.95000076293945,35.97999954223633,25.79810333251953,742400,2018,-0.009088266339860707,IRM
2018-08-23,35.9900016784668,36.099998474121094,35.86000061035156,36.08000183105469,25.869800567626953,1055300,2018,0.002779166909415487,IRM
2018-08-24,36.099998474121094,36.25,35.810001373291016,35.900001525878906,25.740739822387695,872800,2018,-0.0049888573706580175,IRM
2018-08-27,35.900001525878906,35.93000030517578,35.43000030517578,35.7400016784668,25.626018524169922,1154800,2018,-0.004456798794803762,IRM
2018-08-28,35.7400016784668,36.2400016784668,35.63999938964844,36.209999084472656,25.9630126953125,1370600,2018,0.013150469349139549,IRM
2018-08-29,36.29999923706055,36.5,36.150001525878906,36.310001373291016,26.034713745117188,939900,2018,0.002761661392925774,IRM
2018-08-30,36.380001068115234,36.380001068115234,35.84000015258789,35.95000076293945,25.776588439941406,1145500,2018,-0.009914658855206038,IRM
2018-08-31,35.86000061035156,36.13999938964844,35.81999969482422,36.099998474121094,25.884140014648438,1212600,2018,0.004172451872660465,IRM
2018-09-04,36.119998931884766,36.65999984741211,36.099998474121094,36.349998474121094,26.063386917114258,1551000,2018,0.006924970362715666,IRM
2018-09-05,36.279998779296875,36.630001068115234,36.130001068115234,36.540000915527344,26.199626922607422,1226800,2018,0.005227256377938527,IRM
2018-09-06,36.599998474121094,36.790000915527344,36.27000045776367,36.27000045776367,26.006032943725586,1312600,2018,-0.007389188382479817,IRM
2018-09-07,36.099998474121094,36.209999084472656,35.11000061035156,35.36000061035156,25.35355567932129,1748800,2018,-0.02508945773529514,IRM
2018-09-10,35.619998931884766,36.119998931884766,35.599998474121094,35.91999816894531,25.755077362060547,2127600,2018,0.015836898296152757,IRM
2018-09-11,35.7599983215332,35.900001525878906,35.400001525878906,35.65999984741211,25.568653106689453,1225900,2018,-0.007238349656278342,IRM
2018-09-12,35.599998474121094,36.06999969482422,35.5099983215332,36.02000045776367,25.826778411865234,1585900,2018,0.0100953814070186,IRM
2018-09-13,36.15999984741211,36.439998626708984,35.900001525878906,36.34000015258789,26.056224822998047,1769900,2018,0.008884050789214948,IRM
2018-09-14,35.79999923706055,35.79999923706055,35.380001068115234,35.650001525878906,25.98188591003418,1510500,2018,-0.0028530193252804814,IRM
2018-09-17,35.720001220703125,35.869998931884766,35.560001373291016,35.779998779296875,26.076629638671875,1337200,2018,0.003646530085066102,IRM
2018-09-18,35.790000915527344,35.959999084472656,35.13999938964844,35.25,25.690366744995117,1415600,2018,-0.014812608033667352,IRM
2018-09-19,35.25,35.369998931884766,34.47999954223633,34.599998474121094,25.21664047241211,2040900,2018,-0.01843984078877725,IRM
2018-09-20,34.79999923706055,35.61000061035156,34.5,35.529998779296875,25.894432067871094,1844900,2018,0.026878742876177864,IRM
2018-09-21,35.47999954223633,36.060001373291016,35.40999984741211,35.90999984741211,26.171369552612305,2845600,2018,0.01069486614015469,IRM
2018-09-24,35.7599983215332,35.900001525878906,35.119998931884766,35.22999954223633,25.67578887939453,1314400,2018,-0.018935985456225657,IRM
2018-09-25,35.22999954223633,35.27000045776367,34.70000076293945,34.709999084472656,25.296802520751953,1416500,2018,-0.014760456257946752,IRM
2018-09-26,34.77000045776367,34.88999938964844,34.29999923706055,34.310001373291016,25.00528907775879,1261300,2018,-0.011523726872359585,IRM
2018-09-27,34.400001525878906,34.59000015258789,34.04999923706055,34.09000015258789,24.84494972229004,1188400,2018,-0.006412217630043959,IRM
2018-09-28,34.0,34.529998779296875,33.880001068115234,34.52000045776367,25.15833282470703,1713400,2018,0.01261355349557558,IRM
2018-10-01,34.619998931884766,34.91999816894531,34.369998931884766,34.380001068115234,25.056304931640625,2099100,2018,-0.004055431406257859,IRM
2018-10-02,34.400001525878906,34.5,34.040000915527344,34.04999923706055,24.8157958984375,1132300,2018,-0.00959874306524,IRM
2018-10-03,34.150001525878906,34.220001220703125,33.439998626708984,33.709999084472656,24.56800079345703,1487300,2018,-0.009985378103310016,IRM
2018-10-04,33.54999923706055,33.720001220703125,33.20000076293945,33.52000045776367,24.429533004760742,1467700,2018,-0.005636103232834699,IRM
2018-10-05,33.529998779296875,33.63999938964844,33.27000045776367,33.290000915527344,24.26190757751465,1541000,2018,-0.006861589503713739,IRM
2018-10-08,33.45000076293945,34.150001525878906,33.33000183105469,33.90999984741211,24.713764190673828,1475400,2018,0.018624117321176747,IRM
2018-10-09,33.939998626708984,33.970001220703125,33.459999084472656,33.54999923706055,24.451393127441406,1325100,2018,-0.01061639421692917,IRM
2018-10-10,33.5,33.599998474121094,32.400001525878906,32.45000076293945,23.649715423583984,2901200,2018,-0.032786586010827845,IRM
2018-10-11,32.5,32.560001373291016,31.479999542236328,31.5,22.957347869873047,3900800,2018,-0.029275935938767983,IRM
2018-10-12,31.950000762939453,32.0,31.360000610351562,31.59000015258789,23.022939682006836,3135200,2018,0.0028571162708155295,IRM
2018-10-15,31.579999923706055,32.09000015258789,31.540000915527344,31.829999923706055,23.19784927368164,2365000,2018,0.00759718759162209,IRM
2018-10-16,32.02000045776367,32.279998779296875,31.790000915527344,32.150001525878906,23.43107032775879,2070400,2018,0.010053563644011776,IRM
2018-10-17,32.099998474121094,32.18000030517578,31.65999984741211,31.739999771118164,23.132265090942383,1636700,2018,-0.01275252187103082,IRM
2018-10-18,31.700000762939453,31.989999771118164,31.639999389648438,31.799999237060547,23.175989151000977,2842700,2018,0.0018901763353782464,IRM
2018-10-19,31.8700008392334,32.279998779296875,31.8700008392334,32.18000030517578,23.452930450439453,2484100,2018,0.011949492107288018,IRM
2018-10-22,32.22999954223633,32.43000030517578,31.75,31.780000686645508,23.161409378051758,1593500,2018,-0.012430048901724056,IRM
2018-10-23,31.600000381469727,32.2400016784668,31.59000015258789,32.029998779296875,23.343610763549805,1654500,2018,0.007866593199233662,IRM
2018-10-24,32.11000061035156,32.79999923706055,32.060001373291016,32.25,23.503948211669922,2170400,2018,0.0068685795759788615,IRM
2018-10-25,32.58000183105469,33.400001525878906,32.11000061035156,32.70000076293945,23.8319091796875,4212200,2018,0.013953441569222846,IRM
2018-10-26,32.29999923706055,32.33000183105469,30.219999313354492,30.479999542236328,22.213966369628906,5514300,2018,-0.06788976904282618,IRM
2018-10-29,30.6299991607666,31.690000534057617,30.6299991607666,31.3700008392334,22.86260223388672,3100200,2018,0.029199461881991073,IRM
2018-10-30,31.459999084472656,31.979999542236328,31.149999618530273,31.610000610351562,23.03751564025879,2293700,2018,0.007650634192148731,IRM
2018-10-31,31.68000030517578,31.780000686645508,30.59000015258789,30.610000610351562,22.30870819091797,2844200,2018,-0.03163567898212105,IRM
2018-11-01,30.729999542236328,31.59000015258789,30.5,31.59000015258789,23.022939682006836,1964000,2018,0.032015815751251564,IRM
2018-11-02,31.700000762939453,31.81999969482422,30.690000534057617,31.18000030517578,22.724130630493164,1910600,2018,-0.012978753175781454,IRM
2018-11-05,31.34000015258789,31.770000457763672,31.219999313354492,31.6299991607666,23.052091598510742,1223100,2018,0.014432277887783895,IRM
2018-11-06,31.700000762939453,31.889999389648438,31.520000457763672,31.739999771118164,23.132265090942383,1358000,2018,0.0034779270284011066,IRM
2018-11-07,31.950000762939453,32.15999984741211,31.530000686645508,32.130001068115234,23.416492462158203,1183400,2018,0.012287053174360851,IRM
2018-11-08,32.060001373291016,32.29999923706055,31.860000610351562,32.290000915527344,23.53310203552246,1228600,2018,0.004979805304005325,IRM
2018-11-09,32.279998779296875,32.939998626708984,32.2400016784668,32.77000045776367,23.882925033569336,1762700,2018,0.014865146019374276,IRM
2018-11-12,32.689998626708984,33.0099983215332,32.630001068115234,32.66999816894531,23.810049057006836,1628500,2018,-0.0030513840519981184,IRM
2018-11-13,32.779998779296875,33.0,32.56999969482422,32.869998931884766,23.955810546875,1453800,2018,0.006121847524092727,IRM
2018-11-14,33.0,33.130001068115234,32.65999984741211,32.83000183105469,23.926654815673828,2448000,2018,-0.0012170630229405566,IRM
2018-11-15,32.709999084472656,33.09000015258789,31.950000762939453,33.040000915527344,24.079702377319336,2204700,2018,0.006396529846088184,IRM
2018-11-16,32.93000030517578,34.08000183105469,32.93000030517578,33.86000061035156,24.677322387695312,2995500,2018,0.02481841349247227,IRM
2018-11-19,33.91999816894531,34.099998474121094,33.279998779296875,33.459999084472656,24.38580322265625,1595000,2018,-0.011813241341954495,IRM
2018-11-20,33.439998626708984,34.08000183105469,33.099998474121094,33.11000061035156,24.130722045898438,2065700,2018,-0.010460232719372686,IRM
2018-11-21,32.95000076293945,33.20000076293945,32.5099983215332,32.56999969482422,23.73716163635254,1898800,2018,-0.016309516507517552,IRM
2018-11-23,32.560001373291016,32.72999954223633,32.119998931884766,32.41999816894531,23.627845764160156,794700,2018,-0.004605262999303528,IRM
2018-11-26,32.619998931884766,33.27000045776367,32.58000183105469,33.27000045776367,24.247331619262695,2045400,2018,0.026218465334753693,IRM
2018-11-27,33.29999923706055,33.4900016784668,33.099998474121094,33.439998626708984,24.371227264404297,1187100,2018,0.005109661017015821,IRM
2018-11-28,33.41999816894531,34.04999923706055,33.400001525878906,33.7599983215332,24.604442596435547,1207000,2018,0.009569289617674448,IRM
2018-11-29,33.709999084472656,34.060001373291016,33.540000915527344,33.75,24.597156524658203,1354100,2018,-0.00029612830076464203,IRM
2018-11-30,33.88999938964844,34.0,33.689998626708984,33.970001220703125,24.757490158081055,2087200,2018,0.006518380824308778,IRM
2018-12-03,34.13999938964844,34.150001525878906,33.380001068115234,33.900001525878906,24.706480026245117,2082400,2018,-0.0020603918858587145,IRM
2018-12-04,33.900001525878906,34.540000915527344,33.81999969482422,33.91999816894531,24.721057891845703,1976600,2018,0.0005900421907572007,IRM
2018-12-06,33.81999969482422,34.43000030517578,33.09000015258789,34.38999938964844,25.063589096069336,2542500,2018,0.013855847339632632,IRM
2018-12-07,34.33000183105469,34.34000015258789,33.84000015258789,34.04999923706055,24.8157958984375,1600000,2018,-0.00988658075593396,IRM
2018-12-10,34.18000030517578,34.25,33.4900016784668,33.97999954223633,24.76478385925293,1394000,2018,-0.0020556277700439773,IRM
2018-12-11,34.15999984741211,34.70000076293945,34.15999984741211,34.459999084472656,25.11461067199707,1792700,2018,0.014125978838835485,IRM
2018-12-12,34.68000030517578,34.83000183105469,34.060001373291016,34.06999969482422,24.830368041992188,1786800,2018,-0.011317819484329639,IRM
2018-12-13,34.2599983215332,35.0,34.130001068115234,34.95000076293945,25.471723556518555,2455600,2018,0.02582948079713243,IRM
2018-12-14,34.38999938964844,35.029998779296875,34.25,35.02000045776367,25.97686767578125,2563400,2018,0.01983156413196152,IRM
2018-12-17,35.02000045776367,35.18000030517578,33.2400016784668,33.369998931884766,24.752944946289062,2751300,2018,-0.04711587034926756,IRM
2018-12-18,33.68000030517578,34.349998474121094,33.45000076293945,33.90999984741211,25.153499603271484,2887100,2018,0.016182101073289656,IRM
2018-12-19,33.900001525878906,34.15999984741211,33.20000076293945,33.27000045776367,24.678768157958984,2155000,2018,-0.018873375585906738,IRM
2018-12-20,33.33000183105469,33.349998474121094,31.979999542236328,32.41999816894531,24.04825782775879,2849200,2018,-0.025548695387247466,IRM
2018-12-21,32.5099983215332,33.4900016784668,32.08000183105469,32.130001068115234,23.833145141601562,3856900,2018,-0.008945042410054449,IRM
2018-12-24,32.060001373291016,32.31999969482422,30.610000610351562,30.639999389648438,22.727903366088867,1484700,2018,-0.04637414696826814,IRM
2018-12-26,30.760000228881836,32.119998931884766,30.559999465942383,32.06999969482422,23.788637161254883,2226700,2018,0.04667099195558366,IRM
2018-12-27,31.899999618530273,32.15999984741211,31.010000228881836,32.15999984741211,23.855403900146484,1890200,2018,0.002806665150214993,IRM
2018-12-28,32.38999938964844,32.849998474121094,32.04999923706055,32.38999938964844,24.026010513305664,1794100,2018,0.0071516966920075475,IRM
2018-12-31,32.38999938964844,32.52000045776367,31.8700008392334,32.40999984741211,24.040842056274414,1380900,2018,0.0006173119320220799,IRM
2019-01-02,32.0,32.20000076293945,31.579999923706055,32.099998474121094,23.81089210510254,2250000,2019,-0.009564970754086355,IRM
2019-01-03,31.989999771118164,32.959999084472656,31.979999542236328,32.61000061035156,24.18919563293457,1889100,2019,0.015887835120254268,IRM
2019-01-04,32.790000915527344,33.41999816894531,32.75,33.18000030517578,24.612009048461914,1693600,2019,0.017479432633620284,IRM
2019-01-07,33.27000045776367,33.959999084472656,33.209999084472656,33.54999923706055,24.88646125793457,1796800,2019,0.011151150193885018,IRM
2019-01-08,33.70000076293945,34.43000030517578,33.650001525878906,34.290000915527344,25.43537139892578,1804600,2019,0.02205657667846217,IRM
2019-01-09,34.5,34.650001525878906,33.93000030517578,34.41999816894531,25.531803131103516,1525900,2019,0.003791245296375312,IRM
2019-01-10,34.22999954223633,34.81999969482422,34.029998779296875,34.709999084472656,25.74691390991211,1305500,2019,0.008425209050219484,IRM
2019-01-11,34.75,35.0,34.369998931884766,34.83000183105469,25.8359375,1291000,2019,0.0034576411914601923,IRM
2019-01-14,34.75,35.0,34.59000015258789,34.77000045776367,25.791423797607422,1209700,2019,-0.0017229373771545653,IRM
2019-01-15,34.849998474121094,35.13999938964844,34.7400016784668,34.84000015258789,25.843345642089844,1620800,2019,0.0020131437833703636,IRM
2019-01-16,34.900001525878906,35.27000045776367,34.68000030517578,35.040000915527344,25.991708755493164,1196100,2019,0.0057408632557887085,IRM
2019-01-17,34.939998626708984,35.4900016784668,34.880001068115234,35.43000030517578,26.280994415283203,1412000,2019,0.011129920795565296,IRM
2019-01-18,35.43000030517578,35.720001220703125,35.36000061035156,35.63999938964844,26.436767578125,1676700,2019,0.005927217227031933,IRM
2019-01-22,35.68000030517578,35.83000183105469,35.279998779296875,35.56999969482422,26.384841918945312,2496300,2019,-0.0019641455418570875,IRM
2019-01-23,35.56999969482422,35.70000076293945,35.2599983215332,35.70000076293945,26.481273651123047,1446700,2019,0.003654815612463169,IRM
2019-01-24,35.720001220703125,36.0099983215332,35.36000061035156,35.90999984741211,26.637042999267578,1399800,2019,0.00588224532538395,IRM
2019-01-25,36.06999969482422,36.220001220703125,35.849998474121094,36.04999923706055,26.740894317626953,1609800,2019,0.003898755517353525,IRM
2019-01-28,35.88999938964844,36.33000183105469,35.619998931884766,36.2400016784668,26.8818359375,1385900,2019,0.005270639725019954,IRM
2019-01-29,36.310001373291016,36.529998779296875,36.150001525878906,36.40999984741211,27.007932662963867,1842000,2019,0.004690778031569032,IRM
2019-01-30,36.38999938964844,37.0,36.380001068115234,36.84000015258789,27.32689094543457,2302300,2019,0.011809799974364266,IRM
2019-01-31,36.810001373291016,37.22999954223633,36.54999923706055,37.20000076293945,27.59392738342285,2633400,2019,0.009771928995563117,IRM
2019-02-01,37.25,37.31999969482422,36.040000915527344,36.61000061035156,27.15629005432129,2029300,2019,-0.015859914502945105,IRM
2019-02-04,36.599998474121094,36.939998626708984,36.41999816894531,36.939998626708984,27.40106964111328,1898900,2019,0.009013734435092458,IRM
2019-02-05,36.91999816894531,36.93000030517578,36.70000076293945,36.869998931884766,27.349145889282227,1994700,2019,-0.001894953463902227,IRM
2019-02-06,36.880001068115234,36.90999984741211,36.54999923706055,36.7400016784668,27.25271987915039,1593100,2019,-0.003525741188488918,IRM
2019-02-07,36.63999938964844,36.720001220703125,36.380001068115234,36.540000915527344,27.104360580444336,1716500,2019,-0.005443834573721107,IRM
2019-02-08,36.45000076293945,36.720001220703125,36.349998474121094,36.5099983215332,27.082111358642578,1772400,2019,-0.0008208724103903053,IRM
2019-02-11,36.58000183105469,36.81999969482422,36.2400016784668,36.380001068115234,26.985687255859375,2627100,2019,-0.0035604352078122403,IRM
2019-02-12,36.279998779296875,36.630001068115234,35.689998626708984,35.790000915527344,26.548030853271484,2355100,2019,-0.016218093630091412,IRM
2019-02-13,35.7599983215332,35.939998626708984,35.52000045776367,35.84000015258789,26.585124969482422,2570100,2019,0.0013972454837027914,IRM
2019-02-14,35.900001525878906,36.0,34.93000030517578,35.27000045776367,26.162315368652344,4898300,2019,-0.015903991473255386,IRM
2019-02-15,35.380001068115234,35.720001220703125,34.95000076293945,35.119998931884766,26.051044464111328,3105200,2019,-0.004253098511087461,IRM
2019-02-19,35.18000030517578,35.77000045776367,35.16999816894531,35.38999938964844,26.251327514648438,3794500,2019,0.007688100598539416,IRM
2019-02-20,35.38999938964844,35.81999969482422,35.220001220703125,35.720001220703125,26.496110916137695,3860700,2019,0.009324610397423383,IRM
2019-02-21,35.720001220703125,36.0099983215332,35.599998474121094,35.84000015258789,26.585124969482422,2819300,2019,0.0033595139160786935,IRM
2019-02-22,35.900001525878906,36.150001525878906,35.470001220703125,35.58000183105469,26.39225959777832,2810600,2019,-0.007254634760058276,IRM
2019-02-25,35.529998779296875,35.75,34.619998931884766,35.040000915527344,25.991708755493164,3057500,2019,-0.015176830191488189,IRM
2019-02-26,35.16999816894531,35.279998779296875,34.90999984741211,35.040000915527344,25.991708755493164,1788500,2019,0.0,IRM
2019-02-27,34.880001068115234,35.11000061035156,34.709999084472656,35.0,25.9620304107666,1821800,2019,-0.0011418389227791925,IRM
2019-02-28,35.0,35.79999923706055,34.97999954223633,35.41999816894531,26.27357292175293,3160400,2019,0.011999928590220366,IRM
2019-03-01,35.5,35.849998474121094,34.9900016784668,35.779998779296875,26.54061508178711,2274700,2019,0.010163907315897891,IRM
2019-03-04,36.0,36.0,35.150001525878906,35.66999816894531,26.459022521972656,2239900,2019,-0.0030742527843842238,IRM
2019-03-05,35.63999938964844,35.77000045776367,35.2400016784668,35.29999923706055,26.1845645904541,2519100,2019,-0.010372942964564702,IRM
2019-03-06,35.56999969482422,35.58000183105469,35.0099983215332,35.02000045776367,25.97686767578125,2193500,2019,-0.007932036217572658,IRM
2019-03-07,35.099998474121094,35.16999816894531,34.709999084472656,34.869998931884766,25.8656005859375,2771800,2019,-0.004283314340762012,IRM
2019-03-08,34.779998779296875,35.02000045776367,34.529998779296875,34.779998779296875,25.79884147644043,1768000,2019,-0.0025809997829072673,IRM
2019-03-11,34.93000030517578,35.04999923706055,34.709999084472656,34.97999954223633,25.947195053100586,2544100,2019,0.005750396846138761,IRM
2019-03-12,35.18000030517578,35.25,34.86000061035156,35.099998474121094,26.036209106445312,2636400,2019,0.003430584815143245,IRM
2019-03-13,35.130001068115234,35.459999084472656,35.099998474121094,35.27000045776367,26.162315368652344,2145800,2019,0.004843495521620111,IRM
2019-03-14,34.790000915527344,34.97999954223633,34.61000061035156,34.77000045776367,26.246103286743164,1784700,2019,0.0032026186104008314,IRM
2019-03-15,34.790000915527344,34.95000076293945,34.66999816894531,34.93000030517578,26.36687660217285,2424000,2019,0.004601571292706552,IRM
2019-03-18,34.900001525878906,34.9900016784668,34.59000015258789,34.81999969482422,26.283845901489258,1501200,2019,-0.0031490533344685767,IRM
2019-03-19,34.81999969482422,34.9900016784668,34.40999984741211,34.5,26.042293548583984,1689200,2019,-0.009190144920595,IRM
2019-03-20,34.5,34.70000076293945,34.09000015258789,34.400001525878906,25.96681022644043,1899200,2019,-0.002898489797096171,IRM
2019-03-21,34.400001525878906,35.2400016784668,34.310001373291016,35.22999954223633,26.593332290649414,2493000,2019,0.02412780232710432,IRM
2019-03-22,35.16999816894531,35.720001220703125,35.08000183105469,35.119998931884766,26.510297775268555,3093700,2019,-0.003122380996609997,IRM
2019-03-25,35.119998931884766,35.310001373291016,35.060001373291016,35.16999816894531,26.54803466796875,2457300,2019,0.0014234805289663477,IRM
2019-03-26,35.2599983215332,35.58000183105469,35.22999954223633,35.529998779296875,26.819782257080078,2906400,2019,0.010236071803808588,IRM
2019-03-27,35.52000045776367,35.66999816894531,35.20000076293945,35.45000076293945,26.759395599365234,1447800,2019,-0.0022515715129977076,IRM
2019-03-28,35.560001373291016,35.939998626708984,35.459999084472656,35.630001068115234,26.895273208618164,1866700,2019,0.0050777532978418805,IRM
2019-03-29,35.7400016784668,35.83000183105469,35.34000015258789,35.459999084472656,26.766944885253906,2099600,2019,-0.004771408060028071,IRM
2019-04-01,35.470001220703125,35.810001373291016,35.209999084472656,35.75,26.98585319519043,2115300,2019,0.008178307643063265,IRM
2019-04-02,35.68000030517578,35.779998779296875,35.29999923706055,35.779998779296875,27.008499145507812,1805800,2019,0.0008391785930792484,IRM
2019-04-03,35.779998779296875,35.88999938964844,35.560001373291016,35.88999938964844,27.091529846191406,1378200,2019,0.0030742434163508747,IRM
2019-04-04,35.900001525878906,35.959999084472656,35.7400016784668,35.93000030517578,27.121726989746094,961100,2019,0.0011146341209273825,IRM
2019-04-05,35.970001220703125,36.38999938964844,35.970001220703125,36.36000061035156,27.446311950683594,1741100,2019,0.011967709912433566,IRM
2019-04-08,36.349998474121094,36.400001525878906,36.130001068115234,36.29999923706055,27.401018142700195,1152600,2019,-0.0016502693718843942,IRM
2019-04-09,36.29999923706055,36.349998474121094,35.88999938964844,35.970001220703125,27.15191650390625,1262900,2019,-0.009090962879432563,IRM
2019-04-10,36.11000061035156,36.29999923706055,35.900001525878906,36.209999084472656,27.333080291748047,844200,2019,0.006672228379007272,IRM
2019-04-11,36.290000915527344,36.5,36.15999984741211,36.290000915527344,27.393470764160156,1001800,2019,0.0022094279813147377,IRM
2019-04-12,36.2599983215332,36.540000915527344,35.95000076293945,36.529998779296875,27.57463264465332,1291300,2019,0.006613323373764857,IRM
2019-04-15,36.54999923706055,36.650001525878906,36.29999923706055,36.56999969482422,27.604829788208008,1205000,2019,0.0010951059237607197,IRM
2019-04-16,36.54999923706055,36.599998474121094,35.900001525878906,36.04999923706055,27.21230697631836,1628600,2019,-0.01421935273288022,IRM
2019-04-17,36.189998626708984,36.189998626708984,35.599998474121094,36.02000045776367,27.189659118652344,1369000,2019,-0.0008322652572501088,IRM
2019-04-18,36.06999969482422,36.189998626708984,35.88999938964844,35.939998626708984,27.129270553588867,1822300,2019,-0.002221012216444107,IRM
2019-04-22,35.810001373291016,35.880001068115234,35.13999938964844,35.400001525878906,26.72165298461914,2750500,2019,-0.015025010280484863,IRM
2019-04-23,35.599998474121094,36.08000183105469,35.41999816894531,35.86000061035156,27.068885803222656,2134400,2019,0.012994436339824444,IRM
2019-04-24,35.959999084472656,36.52000045776367,35.75,35.84000015258789,27.053783416748047,2810900,2019,-0.0005579242006633622,IRM
2019-04-25,34.599998474121094,34.599998474121094,32.5,32.650001525878906,24.64582061767578,9957300,2019,-0.08900650833116308,IRM
2019-04-26,32.709999084472656,32.709999084472656,31.959999084472656,32.439998626708984,24.487300872802734,6279600,2019,-0.006431911817103675,IRM
2019-04-29,32.380001068115234,32.689998626708984,32.0099983215332,32.029998779296875,24.177812576293945,3579800,2019,-0.012638726420539426,IRM
2019-04-30,32.0099983215332,32.52000045776367,31.969999313354492,32.47999954223633,24.517498016357422,3281200,2019,0.014049469487431354,IRM
2019-05-01,32.45000076293945,32.52000045776367,31.950000762939453,31.959999084472656,24.12497329711914,2537100,2019,-0.016009982706082004,IRM
2019-05-02,32.0099983215332,32.060001373291016,31.510000228881836,31.540000915527344,23.80793571472168,3514300,2019,-0.013141468738343431,IRM
2019-05-03,31.649999618530273,31.770000457763672,31.479999542236328,31.600000381469727,23.853229522705078,3066600,2019,0.0019024668298055492,IRM
2019-05-06,31.420000076293945,31.530000686645508,31.049999237060547,31.100000381469727,23.475805282592773,2965000,2019,-0.015822773170108828,IRM
2019-05-07,31.100000381469727,31.309999465942383,30.610000610351562,30.860000610351562,23.294641494750977,2972100,2019,-0.007717042532131124,IRM
2019-05-08,30.920000076293945,31.299999237060547,30.850000381469727,30.989999771118164,23.392770767211914,2897100,2019,0.004212525549407875,IRM
2019-05-09,30.8700008392334,31.1299991607666,30.670000076293945,30.969999313354492,23.37767219543457,2380500,2019,-0.000645437512622804,IRM
2019-05-10,30.940000534057617,31.3700008392334,30.809999465942383,31.350000381469727,23.664518356323242,2193900,2019,0.01227009081531616,IRM
2019-05-13,31.09000015258789,31.540000915527344,30.959999084472656,31.399999618530273,23.70225715637207,2247900,2019,0.0015947419457511547,IRM
2019-05-14,31.530000686645508,32.0,31.469999313354492,31.790000915527344,23.996652603149414,2436500,2019,0.012420565891050561,IRM
2019-05-15,31.799999237060547,32.150001525878906,31.6299991607666,31.959999084472656,24.12497329711914,1663000,2019,0.005347441415761711,IRM
2019-05-16,32.0,32.459999084472656,31.950000762939453,32.36000061035156,24.426912307739258,1978400,2019,0.012515620510807901,IRM
2019-05-17,32.22999954223633,32.36000061035156,32.08000183105469,32.09000015258789,24.223106384277344,1690300,2019,-0.008343499206706628,IRM
2019-05-20,32.04999923706055,32.13999938964844,31.450000762939453,31.6200008392334,23.868324279785156,2411900,2019,-0.014646432991041514,IRM
2019-05-21,31.850000381469727,32.15999984741211,31.760000228881836,31.84000015258789,24.034391403198242,1781400,2019,0.006957636466910833,IRM
2019-05-22,31.799999237060547,31.850000381469727,31.399999618530273,31.6200008392334,23.868324279785156,2437800,2019,-0.006909562244666878,IRM
2019-05-23,31.440000534057617,31.799999237060547,31.3700008392334,31.729999542236328,23.951356887817383,1789300,2019,0.0034787782778094023,IRM
2019-05-24,31.90999984741211,31.989999771118164,31.270000457763672,31.309999465942383,23.634321212768555,2536600,2019,-0.013236647782994049,IRM
2019-05-28,31.469999313354492,31.719999313354492,30.959999084472656,31.059999465942383,23.44561004638672,3071100,2019,-0.007984623915489597,IRM
2019-05-29,31.06999969482422,31.200000762939453,30.6200008392334,30.729999542236328,23.19650650024414,2524500,2019,-0.010624741503835078,IRM
2019-05-30,30.729999542236328,30.989999771118164,30.729999542236328,30.790000915527344,23.24180030822754,1323100,2019,0.0019526133378282573,IRM
2019-05-31,30.729999542236328,30.93000030517578,30.579999923706055,30.649999618530273,23.13612174987793,3392700,2019,-0.004546917921508853,IRM
2019-06-03,30.75,31.239999771118164,30.610000610351562,31.079999923706055,23.46070671081543,2546100,2019,0.014029359131428887,IRM
2019-06-04,31.079999923706055,31.329999923706055,30.450000762939453,30.709999084472656,23.181413650512695,5379000,2019,-0.01190471641563895,IRM
2019-06-05,30.899999618530273,31.489999771118164,30.56999969482422,31.459999084472656,23.747547149658203,3886100,2019,0.024421871231868897,IRM
2019-06-06,31.559999465942383,31.770000457763672,30.719999313354492,31.040000915527344,23.430511474609375,3236800,2019,-0.013350249314207252,IRM
2019-06-07,31.149999618530273,31.34000015258789,31.06999969482422,31.190000534057617,23.543743133544922,3924200,2019,0.004832658435913739,IRM
2019-06-10,31.350000381469727,31.579999923706055,31.079999923706055,31.450000762939453,23.74000358581543,4193900,2019,0.008335991909072415,IRM
2019-06-11,31.670000076293945,31.760000228881836,31.40999984741211,31.68000030517578,23.913618087768555,2131900,2019,0.00731316241488944,IRM
2019-06-12,31.559999465942383,31.860000610351562,31.479999542236328,31.639999389648438,23.883420944213867,2490700,2019,-0.0012627592965588352,IRM
2019-06-13,31.729999542236328,32.09000015258789,31.68000030517578,32.08000183105469,24.215553283691406,4876500,2019,0.013906397255792013,IRM
2019-06-14,31.530000686645508,31.780000686645508,31.260000228881836,31.729999542236328,24.41639518737793,2600100,2019,0.00829392173425103,IRM
2019-06-17,31.770000457763672,32.43000030517578,31.75,32.38999938964844,24.924274444580078,2453200,2019,0.020800746928633318,IRM
2019-06-18,32.52000045776367,32.66999816894531,32.060001373291016,32.290000915527344,24.847318649291992,2667300,2019,-0.0030875841725783726,IRM
2019-06-19,32.18000030517578,32.61000061035156,31.979999542236328,32.560001373291016,25.055086135864258,1756300,2019,0.008361766897458933,IRM
2019-06-20,32.75,32.97999954223633,32.5099983215332,32.54999923706055,25.047388076782227,1939400,2019,-0.00030724536488468956,IRM
2019-06-21,32.5,32.5,31.700000762939453,32.060001373291016,24.67033576965332,3135700,2019,-0.01505355791881613,IRM
2019-06-24,32.099998474121094,32.18000030517578,31.239999771118164,31.510000228881836,24.24710464477539,2594800,2019,-0.017155466744742887,IRM
2019-06-25,31.530000686645508,31.579999923706055,30.850000381469727,30.8799991607666,23.762313842773438,2656600,2019,-0.019993760455288556,IRM
2019-06-26,30.8799991607666,30.93000030517578,30.079999923706055,30.459999084472656,23.439123153686523,6252800,2019,-0.01360097721229292,IRM
2019-06-27,30.610000610351562,30.979999542236328,30.5,30.8799991607666,23.762313842773438,3144500,2019,0.013788514483575431,IRM
2019-06-28,30.959999084472656,31.299999237060547,30.850000381469727,31.299999237060547,24.085508346557617,4108300,2019,0.013601137747891068,IRM
2019-07-01,31.59000015258789,31.59000015258789,30.549999237060547,30.719999313354492,23.639196395874023,4331200,2019,-0.01853031060261523,IRM
2019-07-02,30.799999237060547,31.68000030517578,30.700000762939453,31.6200008392334,24.331750869750977,3112200,2019,0.029296870429903032,IRM
2019-07-03,31.729999542236328,31.989999771118164,31.6200008392334,31.969999313354492,24.601076126098633,1161400,2019,0.011068881059540958,IRM
2019-07-05,31.799999237060547,31.899999618530273,31.239999771118164,31.59000015258789,24.308664321899414,1642500,2019,-0.011886138748581243,IRM
2019-07-08,31.479999542236328,31.860000610351562,31.440000534057617,31.469999313354492,24.216325759887695,1880900,2019,-0.003798586413015337,IRM
2019-07-09,31.469999313354492,31.610000610351562,31.049999237060547,31.600000381469727,24.316362380981445,2096400,2019,0.004130957854038053,IRM
2019-07-10,31.93000030517578,32.08000183105469,31.559999465942383,32.06999969482422,24.678028106689453,3355000,2019,0.014873348243521711,IRM
2019-07-11,31.030000686645508,31.100000381469727,29.440000534057617,29.670000076293945,22.83121681213379,11058100,2019,-0.07483625865775922,IRM
2019-07-12,29.729999542236328,30.209999084472656,29.610000610351562,30.170000076293945,23.215967178344727,3972600,2019,0.01685194308200244,IRM
2019-07-15,30.34000015258789,30.75,30.190000534057617,30.40999984741211,23.400650024414062,2480200,2019,0.007954992555365248,IRM
2019-07-16,30.299999237060547,30.93000030517578,30.200000762939453,30.56999969482422,23.523771286010742,2465700,2019,0.005261446219153143,IRM
2019-07-17,30.709999084472656,30.719999313354492,30.040000915527344,30.149999618530273,23.200576782226562,2174600,2019,-0.013739059943010834,IRM
2019-07-18,30.040000915527344,30.56999969482422,29.90999984741211,30.540000915527344,23.50068473815918,2148200,2019,0.012935366165660378,IRM
2019-07-19,30.5,30.549999237060547,30.049999237060547,30.059999465942383,23.13132095336914,2032800,2019,-0.015717149900329686,IRM
2019-07-22,30.149999618530273,30.290000915527344,29.719999313354492,30.030000686645508,23.108240127563477,2673100,2019,-0.0009978170227369354,IRM
2019-07-23,30.040000915527344,30.549999237060547,29.920000076293945,30.440000534057617,23.423734664916992,1531600,2019,0.013652901978337795,IRM
2019-07-24,30.459999084472656,30.59000015258789,30.219999313354492,30.270000457763672,23.29292106628418,2211800,2019,-0.0055846601963408515,IRM
2019-07-25,30.25,30.31999969482422,29.989999771118164,30.06999969482422,23.139015197753906,1860800,2019,-0.00660740952550809,IRM
2019-07-26,30.059999465942383,30.1200008392334,29.790000915527344,29.90999984741211,23.01589584350586,2658300,2019,-0.005320855412204284,IRM
2019-07-29,29.979999542236328,30.059999465942383,29.8700008392334,29.90999984741211,23.01589584350586,2467000,2019,0.0,IRM
2019-07-30,29.8700008392334,30.06999969482422,29.68000030517578,29.8700008392334,22.985118865966797,2936500,2019,-0.0013372052840492366,IRM
2019-07-31,29.809999465942383,29.8700008392334,29.280000686645508,29.40999984741211,22.631147384643555,4382000,2019,-0.015400028313421243,IRM
2019-08-01,30.09000015258789,31.280000686645508,29.969999313354492,30.829999923706055,23.72384262084961,6872300,2019,0.048282803237254646,IRM
2019-08-02,31.0,32.25,30.889999389648438,31.440000534057617,24.193239212036133,6940100,2019,0.01978585841629199,IRM
2019-08-05,31.270000457763672,31.389999389648438,30.739999771118164,31.09000015258789,23.92391014099121,3417000,2019,-0.011132410533556403,IRM
2019-08-06,31.079999923706055,31.200000762939453,30.709999084472656,30.809999465942383,23.708452224731445,2145100,2019,-0.009005965788619119,IRM
2019-08-07,30.809999465942383,31.049999237060547,30.540000915527344,30.850000381469727,23.739229202270508,2373600,2019,0.0012981436851013939,IRM
2019-08-08,30.790000915527344,31.219999313354492,30.65999984741211,31.219999313354492,24.023948669433594,2384800,2019,0.011993627288280129,IRM
2019-08-09,31.1299991607666,31.309999465942383,30.559999465942383,30.579999923706055,23.53146743774414,2038700,2019,-0.020499595568818862,IRM
2019-08-12,30.600000381469727,31.1200008392334,30.579999923706055,31.09000015258789,23.92391014099121,1348400,2019,0.01667735785221791,IRM
2019-08-13,30.989999771118164,31.270000457763672,30.790000915527344,30.979999542236328,23.83926773071289,1588500,2019,-0.003537983957450752,IRM
2019-08-14,30.860000610351562,30.93000030517578,30.520000457763672,30.610000610351562,23.55455207824707,1840200,2019,-0.011943137502458234,IRM
2019-08-15,30.690000534057617,31.1299991607666,30.6299991607666,30.989999771118164,23.846961975097656,1532900,2019,0.012414156545164312,IRM
2019-08-16,31.100000381469727,31.690000534057617,30.989999771118164,31.489999771118164,24.231714248657227,1959700,2019,0.016134225984901107,IRM
2019-08-19,31.5,32.0,31.450000762939453,31.899999618530273,24.547210693359375,1250700,2019,0.013019980405209353,IRM
2019-08-20,32.0,32.029998779296875,31.360000610351562,31.3799991607666,24.147069931030273,1130400,2019,-0.016300864783685975,IRM
2019-08-21,31.440000534057617,31.8700008392334,31.229999542236328,31.719999313354492,24.408702850341797,2468100,2019,0.010834975840083638,IRM
2019-08-22,31.780000686645508,31.889999389648438,31.559999465942383,31.649999618530273,24.35483741760254,1359000,2019,-0.0022068125893262014,IRM
2019-08-23,31.6299991607666,31.93000030517578,31.030000686645508,31.139999389648438,23.962387084960938,1814400,2019,-0.01611385557260825,IRM
2019-08-26,31.31999969482422,31.530000686645508,31.200000762939453,31.530000686645508,24.262496948242188,1129800,2019,0.012524205631817109,IRM
2019-08-27,31.719999313354492,31.780000686645508,31.209999084472656,31.209999084472656,24.016252517700195,1586700,2019,-0.010149179248421625,IRM
2019-08-28,31.25,31.649999618530273,31.219999313354492,31.56999969482422,24.293275833129883,1250200,2019,0.011534826893809358,IRM
2019-08-29,31.739999771118164,31.860000610351562,31.670000076293945,31.81999969482422,24.485652923583984,998800,2019,0.007918943981681803,IRM
2019-08-30,31.8799991607666,32.13999938964844,31.799999237060547,31.850000381469727,24.50873565673828,1396600,2019,0.0009427044165959408,IRM
2019-09-03,31.790000915527344,32.400001525878906,31.6299991607666,32.369998931884766,24.908878326416016,2231900,2019,0.016326532518119663,IRM
2019-09-04,32.5,32.959999084472656,32.41999816894531,32.91999816894531,25.332103729248047,4154900,2019,0.016990945850146932,IRM
2019-09-05,32.939998626708984,33.189998626708984,32.59000015258789,33.09000015258789,25.46292495727539,3004000,2019,0.005164246500234393,IRM
2019-09-06,33.08000183105469,33.2599983215332,32.900001525878906,33.04999923706055,25.432140350341797,1572500,2019,-0.0012089972768347668,IRM
2019-09-09,33.0,33.599998474121094,32.84000015258789,33.43000030517578,25.72455596923828,3735900,2019,0.011497876893894698,IRM
2019-09-10,33.290000915527344,33.650001525878906,33.209999084472656,33.529998779296875,25.801509857177734,2187800,2019,0.0029914564135324895,IRM
2019-09-11,33.75,34.33000183105469,33.56999969482422,33.900001525878906,26.086225509643555,3124000,2019,0.011034844628932339,IRM
2019-09-12,34.220001220703125,34.2400016784668,33.90999984741211,34.13999938964844,26.270902633666992,2045800,2019,0.007079488136570999,IRM
2019-09-13,33.439998626708984,33.5099983215332,32.459999084472656,32.54999923706055,25.503828048706055,3608500,2019,-0.029198638343621575,IRM
2019-09-16,32.54999923706055,32.599998474121094,32.119998931884766,32.279998779296875,25.292274475097656,3670600,2019,-0.008294973335155165,IRM
2019-09-17,32.34000015258789,32.400001525878906,32.13999938964844,32.2400016784668,25.26093864440918,2865200,2019,-0.0012389487042507863,IRM
2019-09-18,32.220001220703125,32.290000915527344,31.829999923706055,32.150001525878906,25.190420150756836,2234300,2019,-0.0027916022696152787,IRM
2019-09-19,32.29999923706055,32.54999923706055,32.130001068115234,32.150001525878906,25.190420150756836,2634800,2019,0.0,IRM
2019-09-20,32.22999954223633,32.34000015258789,31.940000534057617,32.0,25.072893142700195,2680400,2019,-0.004665543780265624,IRM
2019-09-23,31.920000076293945,32.2400016784668,31.25,31.31999969482422,24.540090560913086,3838000,2019,-0.021250143681254108,IRM
2019-09-24,31.299999237060547,31.3700008392334,31.059999465942383,31.200000762939453,24.44606590270996,2745900,2019,-0.0038314715249211373,IRM
2019-09-25,31.229999542236328,31.520000457763672,31.09000015258789,31.200000762939453,24.44606590270996,2452000,2019,0.0,IRM
2019-09-26,31.350000381469727,31.959999084472656,31.170000076293945,31.90999984741211,25.002368927001953,2383900,2019,0.022756341511389166,IRM
2019-09-27,31.920000076293945,32.2599983215332,31.920000076293945,32.18000030517578,25.21392822265625,1656700,2019,0.008461570032502808,IRM
2019-09-30,32.25,32.7599983215332,32.029998779296875,32.38999938964844,25.378467559814453,2303400,2019,0.006525731956766423,IRM
2019-10-01,32.22999954223633,32.41999816894531,31.81999969482422,32.279998779296875,25.292274475097656,2398200,2019,-0.0033963076972102213,IRM
2019-10-02,32.27000045776367,32.27000045776367,31.860000610351562,32.02000045776367,25.088558197021484,1984000,2019,-0.008054486292909169,IRM
2019-10-03,32.0,32.7599983215332,31.989999771118164,32.58000183105469,25.527339935302734,1815800,2019,0.01748931663730846,IRM
2019-10-04,32.52000045776367,32.720001220703125,32.06999969482422,32.209999084472656,25.237428665161133,2397900,2019,-0.011356893075281649,IRM
2019-10-07,32.06999969482422,32.400001525878906,32.0,32.27000045776367,25.28444480895996,961800,2019,0.0018629530140577,IRM
2019-10-08,32.20000076293945,32.400001525878906,31.649999618530273,31.979999542236328,25.057220458984375,2309100,2019,-0.008986724909026522,IRM
2019-10-09,32.08000183105469,32.15999984741211,31.709999084472656,31.760000228881836,24.884841918945312,1081500,2019,-0.006879395913893416,IRM
2019-10-10,31.690000534057617,32.349998474121094,31.6299991607666,32.29999923706055,25.307947158813477,2434300,2019,0.017002528738028433,IRM
2019-10-11,32.380001068115234,32.66999816894531,32.22999954223633,32.2400016784668,25.26093864440918,1614200,2019,-0.0018574605877477168,IRM
2019-10-14,32.349998474121094,32.619998931884766,32.15999984741211,32.5,25.46465492248535,960300,2019,0.008064477767189437,IRM
2019-10-15,32.459999084472656,32.810001373291016,32.40999984741211,32.790000915527344,25.69187355041504,1235400,2019,0.008922902298159618,IRM
2019-10-16,32.83000183105469,32.849998474121094,32.529998779296875,32.709999084472656,25.629196166992188,1479200,2019,-0.0024395800991259264,IRM
2019-10-17,32.709999084472656,32.959999084472656,32.68000030517578,32.77000045776367,25.676206588745117,1238800,2019,0.0018342526798977854,IRM
2019-10-18,32.70000076293945,33.529998779296875,32.560001373291016,33.5,26.248178482055664,4590600,2019,0.02227633943252605,IRM
2019-10-21,33.459999084472656,34.04999923706055,33.45000076293945,33.939998626708984,26.592931747436523,2332800,2019,0.013134369137902224,IRM
2019-10-22,34.0,34.0099983215332,33.59000015258789,33.970001220703125,26.616443634033203,1419100,2019,0.0008841404482957671,IRM
2019-10-23,33.939998626708984,34.310001373291016,33.93000030517578,34.29999923706055,26.875,1649900,2019,0.00971415901845707,IRM
2019-10-24,34.369998931884766,34.439998626708984,33.939998626708984,34.18000030517578,26.780982971191406,1560700,2019,-0.0034983080486918894,IRM
2019-10-25,34.06999969482422,34.25,33.869998931884766,34.09000015258789,26.710464477539062,1019000,2019,-0.0026331555390703976,IRM
2019-10-28,34.060001373291016,34.06999969482422,33.560001373291016,33.65999984741211,26.373546600341797,1590300,2019,-0.012613703422513667,IRM
2019-10-29,33.72999954223633,33.93000030517578,33.40999984741211,33.83000183105469,26.506746292114258,2000700,2019,0.005050503589484334,IRM
2019-10-30,33.790000915527344,33.84000015258789,32.79999923706055,33.47999954223633,26.232513427734375,3186800,2019,-0.010345776179306765,IRM
2019-10-31,33.06999969482422,33.189998626708984,32.189998626708984,32.79999923706055,25.69971466064453,4411300,2019,-0.020310625916864722,IRM
2019-11-01,32.79999923706055,33.540000915527344,32.709999084472656,33.52000045776367,26.26384925842285,2348000,2019,0.021951006274875562,IRM
2019-11-04,33.70000076293945,34.380001068115234,33.56999969482422,34.369998931884766,26.92984962463379,4153200,2019,0.025358063841207423,IRM
2019-11-05,34.11000061035156,34.150001525878906,33.08000183105469,33.38999938964844,26.161989212036133,3297200,2019,-0.028513356862388983,IRM
2019-11-06,33.380001068115234,33.689998626708984,33.119998931884766,33.630001068115234,26.35003662109375,1727900,2019,0.007187810052727395,IRM
2019-11-07,33.61000061035156,33.61000061035156,33.040000915527344,33.47999954223633,26.232513427734375,1960000,2019,-0.004460077040852939,IRM
2019-11-08,33.369998931884766,33.470001220703125,32.529998779296875,32.540000915527344,25.49599838256836,2794300,2019,-0.028076419257154872,IRM
2019-11-11,32.540000915527344,33.0099983215332,32.52000045776367,32.86000061035156,25.746723175048828,1885500,2019,0.009833887997572566,IRM
2019-11-12,32.95000076293945,33.16999816894531,32.61000061035156,32.65999984741211,25.590017318725586,1921700,2019,-0.006086438855065879,IRM
2019-11-13,32.619998931884766,32.849998474121094,32.45000076293945,32.630001068115234,25.566509246826172,2935400,2019,-0.0009186422817389905,IRM
2019-11-14,32.66999816894531,33.27000045776367,32.66999816894531,33.27000045776367,26.067970275878906,1830000,2019,0.019613981095795596,IRM
2019-11-15,33.349998474121094,33.59000015258789,33.209999084472656,33.58000183105469,26.31086540222168,1543500,2019,0.009317761366619548,IRM
2019-11-18,33.619998931884766,33.95000076293945,33.52000045776367,33.810001373291016,26.491077423095703,1405000,2019,0.006849338405220395,IRM
2019-11-19,33.939998626708984,34.060001373291016,33.56999969482422,33.959999084472656,26.608604431152344,1237300,2019,0.004436475201804235,IRM
2019-11-20,33.970001220703125,34.15999984741211,33.84000015258789,34.06999969482422,26.694793701171875,1270000,2019,0.003239150337348118,IRM
2019-11-21,33.959999084472656,34.0,33.540000915527344,33.54999923706055,26.2873592376709,1283000,2019,-0.015262693844421471,IRM
2019-11-22,33.619998931884766,33.849998474121094,33.36000061035156,33.790000915527344,26.47540283203125,1733600,2019,0.007153384737515811,IRM
2019-11-25,33.93000030517578,34.099998474121094,33.779998779296875,34.04999923706055,26.67912483215332,1672600,2019,0.0076947648885477005,IRM
2019-11-26,33.779998779296875,33.79999923706055,32.119998931884766,32.599998474121094,25.543006896972656,5098100,2019,-0.042584527878194445,IRM
2019-11-27,32.58000183105469,32.58000183105469,31.700000762939453,31.979999542236328,25.057220458984375,4635400,2019,-0.0190183732067134,IRM
2019-11-29,31.979999542236328,32.369998931884766,31.979999542236328,32.119998931884766,25.166908264160156,1328400,2019,0.004377492920865977,IRM
2019-12-02,32.099998474121094,32.20000076293945,31.719999313354492,31.950000762939453,25.033714294433594,2430400,2019,-0.005292424811522922,IRM
2019-12-03,31.899999618530273,32.33000183105469,31.860000610351562,32.29999923706055,25.307947158813477,2344300,2019,0.010954541589573985,IRM
2019-12-04,32.150001525878906,32.65999984741211,32.150001525878906,32.54999923706055,25.503828048706055,1932800,2019,0.007739896431084636,IRM
2019-12-05,32.5,32.689998626708984,32.33000183105469,32.400001525878906,25.386301040649414,1576000,2019,-0.004608210494212561,IRM
2019-12-06,32.47999954223633,32.86000061035156,32.400001525878906,32.75,25.660533905029297,2208200,2019,0.010802395510112861,IRM
2019-12-09,32.79999923706055,33.22999954223633,32.70000076293945,33.0,25.856416702270508,1518400,2019,0.007633621263149815,IRM
2019-12-10,33.189998626708984,33.20000076293945,32.88999938964844,32.900001525878906,25.778064727783203,2051200,2019,-0.0030302719587754767,IRM
2019-12-11,32.779998779296875,33.0099983215332,32.58000183105469,32.66999816894531,25.597848892211914,1868300,2019,-0.006991053730152852,IRM
2019-12-12,32.650001525878906,33.09000015258789,32.619998931884766,32.72999954223633,25.644861221313477,2764800,2019,0.0018365734284753188,IRM
2019-12-13,32.15999984741211,32.2400016784668,31.34000015258789,31.59000015258789,25.228776931762695,3052200,2019,-0.016224860254068108,IRM
2019-12-16,31.59000015258789,31.81999969482422,31.479999542236328,31.799999237060547,25.3964900970459,4619600,2019,0.0066476930584793426,IRM
2019-12-17,31.780000686645508,32.040000915527344,31.25,31.389999389648438,25.069055557250977,3219000,2019,-0.012892905222088524,IRM
2019-12-18,31.350000381469727,31.860000610351562,31.350000381469727,31.799999237060547,25.3964900970459,2686400,2019,0.013061303368495425,IRM
2019-12-19,31.790000915527344,32.029998779296875,31.68000030517578,31.90999984741211,25.484338760375977,2728800,2019,0.0034590867869688235,IRM
2019-12-20,31.899999618530273,32.119998931884766,31.770000457763672,31.959999084472656,25.52427101135254,3251000,2019,0.0015669329839018697,IRM
2019-12-23,32.040000915527344,32.16999816894531,31.65999984741211,31.739999771118164,25.34857177734375,1584100,2019,-0.0068836141855194155,IRM
2019-12-24,31.739999771118164,31.969999313354492,31.700000762939453,31.760000228881836,25.364543914794922,504400,2019,0.0006301000936648204,IRM
2019-12-26,31.75,31.8799991607666,31.600000381469727,31.829999923706055,25.42045021057129,1304500,2019,0.002204112006278125,IRM
2019-12-27,31.90999984741211,31.989999771118164,31.510000228881836,31.809999465942383,25.404476165771484,1545700,2019,-0.0006283934653982248,IRM
2019-12-30,31.850000381469727,31.889999389648438,31.450000762939453,31.690000534057617,25.308639526367188,1406800,2019,-0.00377243123530413,IRM
2019-12-31,31.649999618530273,31.889999389648438,31.59000015258789,31.8700008392334,25.452394485473633,2271300,2019,0.0056800745435834354,IRM
2020-01-02,31.899999618530273,32.029998779296875,30.200000762939453,30.40999984741211,24.286394119262695,8480500,2020,-0.04581102838384832,IRM
2020-01-03,30.40999984741211,30.8700008392334,30.209999084472656,30.639999389648438,24.470077514648438,4402600,2020,0.007563222209263865,IRM
2020-01-06,30.68000030517578,31.469999313354492,30.559999465942383,31.170000076293945,24.893354415893555,2871600,2020,0.01729773438566884,IRM
2020-01-07,31.09000015258789,31.139999389648438,30.709999084472656,30.979999542236328,24.741613388061523,2312900,2020,-0.006095644054107452,IRM
2020-01-08,30.8700008392334,31.170000076293945,30.81999969482422,30.950000762939453,24.71765899658203,2274600,2020,-0.0009681822726665956,IRM
2020-01-09,30.90999984741211,31.010000228881836,30.65999984741211,30.90999984741211,24.685707092285156,2089500,2020,-0.0012926751801735081,IRM
2020-01-10,30.950000762939453,31.190000534057617,30.649999618530273,30.65999984741211,24.486047744750977,2843500,2020,-0.008088054629659669,IRM
2020-01-13,30.68000030517578,30.979999542236328,30.5,30.84000015258789,24.629802703857422,6731700,2020,0.005870892706123287,IRM
2020-01-14,30.850000381469727,30.90999984741211,30.3700008392334,30.600000381469727,24.438133239746094,2214200,2020,-0.0077820137828920055,IRM
2020-01-15,30.600000381469727,30.84000015258789,30.600000381469727,30.790000915527344,24.589874267578125,2003600,2020,0.006209190626117023,IRM
2020-01-16,30.829999923706055,31.149999618530273,30.760000228881836,31.1200008392334,24.85342025756836,2036400,2020,0.010717663178039238,IRM
2020-01-17,31.200000762939453,31.540000915527344,31.1299991607666,31.3799991607666,25.061063766479492,2711500,2020,0.008354725698081822,IRM
2020-01-21,31.389999389648438,31.809999465942383,31.31999969482422,31.65999984741211,25.28468132019043,2822100,2020,0.008922907494854249,IRM
2020-01-22,31.850000381469727,31.93000030517578,31.649999618530273,31.760000228881836,25.364543914794922,2221700,2020,0.003158536727956296,IRM
2020-01-23,31.719999313354492,31.959999084472656,31.559999465942383,31.90999984741211,25.484338760375977,1629700,2020,0.004722925276459566,IRM
2020-01-24,31.899999618530273,31.940000534057617,31.469999313354492,31.549999237060547,25.196834564208984,2630100,2020,-0.011281603139494223,IRM
2020-01-27,31.299999237060547,31.950000762939453,31.260000228881836,31.6299991607666,25.260719299316406,2507500,2020,0.0025354270174147153,IRM
2020-01-28,31.719999313354492,32.11000061035156,31.68000030517578,31.959999084472656,25.52427101135254,2013900,2020,0.010433262367286034,IRM
2020-01-29,32.0099983215332,32.04999923706055,31.549999237060547,31.700000762939453,25.316627502441406,1570100,2020,-0.008135139640962796,IRM
2020-01-30,31.690000534057617,31.920000076293945,31.56999969482422,31.889999389648438,25.46837043762207,1947200,2020,0.005993805263597274,IRM
2020-01-31,31.8700008392334,31.959999084472656,31.549999237060547,31.610000610351562,25.2447509765625,3903600,2020,-0.008780281471375107,IRM
2020-02-03,31.690000534057617,31.979999542236328,31.559999465942383,31.850000381469727,25.436420440673828,2083900,2020,0.007592448199995161,IRM
2020-02-04,31.889999389648438,32.2599983215332,31.81999969482422,32.25,25.755874633789062,1744300,2020,0.0125589287950445,IRM
2020-02-05,32.310001373291016,32.310001373291016,31.81999969482422,31.950000762939453,25.516284942626953,2502600,2020,-0.009302331781340212,IRM
2020-02-06,32.09000015258789,32.34000015258789,31.770000457763672,31.93000030517578,25.500314712524414,1880900,2020,-0.0006258838282472423,IRM
2020-02-07,31.969999313354492,32.11000061035156,31.829999923706055,31.829999923706055,25.42045021057129,1515400,2020,-0.003131902600162828,IRM
2020-02-10,31.940000534057617,32.099998474121094,31.729999542236328,31.969999313354492,25.532255172729492,1549600,2020,0.004398229033398815,IRM
2020-02-11,32.040000915527344,32.20000076293945,31.709999084472656,31.790000915527344,25.388505935668945,2080600,2020,-0.005630103415779852,IRM
2020-02-12,31.790000915527344,31.850000381469727,31.420000076293945,31.790000915527344,25.388505935668945,3280600,2020,0.0,IRM
2020-02-13,32.0,33.529998779296875,31.899999618530273,33.36000061035156,26.64235496520996,6984000,2020,0.04938648350234165,IRM
2020-02-14,33.279998779296875,33.29999923706055,32.63999938964844,33.13999938964844,26.466657638549805,2938700,2020,-0.006594662029298259,IRM
2020-02-18,33.209999084472656,34.099998474121094,33.099998474121094,34.060001373291016,27.201396942138672,4187500,2020,0.02776094033568821,IRM
2020-02-19,34.099998474121094,34.13999938964844,33.79999923706055,33.79999923706055,26.99375343322754,3073400,2020,-0.007633560487824265,IRM
2020-02-20,33.86000061035156,34.34000015258789,33.79999923706055,34.33000183105469,27.417028427124023,2525100,2020,0.015680479372515155,IRM
2020-02-21,34.25,34.4900016784668,34.099998474121094,34.45000076293945,27.512866973876953,2665300,2020,0.0034955847606779056,IRM
2020-02-24,34.099998474121094,34.2599983215332,33.54999923706055,33.54999923706055,26.794097900390625,3374700,2020,-0.026124833670325587,IRM
2020-02-25,33.66999816894531,33.77000045776367,32.93000030517578,32.959999084472656,26.322906494140625,3096100,2020,-0.01758564173355248,IRM
2020-02-26,33.09000015258789,33.459999084472656,32.939998626708984,33.04999923706055,26.394777297973633,3342300,2020,0.0027303521307195933,IRM
2020-02-27,32.75,32.75,31.200000762939453,31.200000762939453,24.917312622070312,5239600,2020,-0.055975644697587534,IRM
2020-02-28,30.75,30.81999969482422,29.079999923706055,30.40999984741211,24.286394119262695,7534800,2020,-0.025320487501079292,IRM
2020-03-02,30.6299991607666,31.920000076293945,30.1200008392334,31.700000762939453,25.316627502441406,6296600,2020,0.042420187126980036,IRM
2020-03-03,31.760000228881836,32.25,31.079999923706055,31.40999984741211,25.085023880004883,4846800,2020,-0.009148281002838488,IRM
2020-03-04,31.90999984741211,32.7599983215332,31.790000915527344,32.709999084472656,26.123245239257812,4231800,2020,0.04138809531213927,IRM
2020-03-05,32.099998474121094,32.400001525878906,31.6299991607666,32.119998931884766,25.65204620361328,2404500,2020,-0.018037538266356568,IRM
2020-03-06,31.219999313354492,31.959999084472656,30.739999771118164,31.770000457763672,25.372533798217773,4507500,2020,-0.01089630055929558,IRM
2020-03-09,30.0,30.809999465942383,29.540000915527344,29.549999237060547,23.599571228027344,5996900,2020,-0.0698772374998261,IRM
2020-03-10,30.6299991607666,30.790000915527344,28.729999542236328,30.649999618530273,24.478063583374023,4601600,2020,0.03722492865901583,IRM
2020-03-11,29.889999389648438,30.149999618530273,29.059999465942383,29.950000762939453,23.919023513793945,4907700,2020,-0.022838410713165613,IRM
2020-03-12,28.040000915527344,28.049999237060547,26.239999771118164,26.6299991607666,21.267566680908203,6150200,2020,-0.1108513828483284,IRM
2020-03-13,27.3799991607666,29.270000457763672,26.8700008392334,28.989999771118164,23.70330238342285,5817500,2020,0.11452817988346542,IRM
2020-03-16,26.030000686645508,27.700000762939453,24.520000457763672,24.6299991607666,20.138408660888672,5060000,2020,-0.1503965002373393,IRM
2020-03-17,25.1200008392334,28.780000686645508,25.020000457763672,26.8700008392334,21.96991539001465,5516100,2020,0.09094595109111037,IRM
2020-03-18,25.299999237060547,26.709999084472656,24.520000457763672,26.0,21.258569717407227,4893100,2020,-0.03237817078397709,IRM
2020-03-19,25.920000076293945,26.5,24.649999618530273,25.139999389648438,20.555402755737305,4341000,2020,-0.033076870693428906,IRM
2020-03-20,25.3799991607666,25.639999389648438,22.43000030517578,22.709999084472656,18.56854248046875,5693800,2020,-0.09665878595903421,IRM
2020-03-23,22.350000381469727,23.329999923706055,21.020000457763672,22.399999618530273,18.315073013305664,3985500,2020,-0.01365047727519253,IRM
2020-03-24,23.459999084472656,24.65999984741211,23.229999542236328,24.0,19.6232967376709,4507000,2020,0.0714288020263325,IRM
2020-03-25,24.75,26.90999984741211,23.8700008392334,25.049999237060547,20.481815338134766,4862100,2020,0.043749967803104584,IRM
2020-03-26,25.1299991607666,26.65999984741211,24.31999969482422,25.469999313354492,20.82522201538086,4333400,2020,0.016766417994537264,IRM
2020-03-27,24.639999389648438,25.299999237060547,23.8700008392334,24.3700008392334,19.92582130432129,4111800,2020,-0.04318804910676588,IRM
2020-03-30,24.5,25.059999465942383,23.40999984741211,24.850000381469727,20.31828498840332,2994400,2020,0.019696236259878486,IRM
2020-03-31,24.649999618530273,24.829999923706055,23.34000015258789,23.799999237060547,19.459768295288086,3884900,2020,-0.04225340345433848,IRM
2020-04-01,22.969999313354492,23.489999771118164,21.93000030517578,22.219999313354492,18.167903900146484,3595800,2020,-0.06638642226045455,IRM
2020-04-02,21.899999618530273,22.299999237060547,21.0,21.520000457763672,17.59555435180664,4462100,2020,-0.03150333420330509,IRM
2020-04-03,21.299999237060547,22.100000381469727,21.25,22.059999465942383,18.037076950073242,2843100,2020,0.025092849559540387,IRM
2020-04-06,23.5,24.170000076293945,22.59000015258789,23.309999465942383,19.059125900268555,3113600,2020,0.05666377944854095,IRM
2020-04-07,24.229999542236328,25.459999084472656,24.149999618530273,24.65999984741211,20.16293716430664,5649300,2020,0.05791510428201385,IRM
2020-04-08,25.100000381469727,26.31999969482422,24.809999465942383,25.950000762939453,21.21769142150879,3921500,2020,0.05231153817556522,IRM
2020-04-09,26.5,28.40999984741211,26.25,27.110000610351562,22.166149139404297,7546000,2020,0.0447012683450585,IRM
2020-04-13,27.110000610351562,27.200000762939453,25.649999618530273,26.239999771118164,21.454805374145508,2459300,2020,-0.032091445419098474,IRM
2020-04-14,26.899999618530273,27.479999542236328,26.350000381469727,26.670000076293945,21.806386947631836,2684300,2020,0.01638707820253682,IRM
2020-04-15,25.84000015258789,26.0,24.1299991607666,24.610000610351562,20.122051239013672,3962600,2020,-0.07724047604323936,IRM
2020-04-16,24.770000457763672,24.989999771118164,24.1299991607666,24.25,19.827699661254883,2523700,2020,-0.014628308727694939,IRM
2020-04-17,25.0,25.420000076293945,24.510000228881836,24.989999771118164,20.432754516601562,2481600,2020,0.0305156354838787,IRM
2020-04-20,24.479999542236328,25.229999542236328,24.229999542236328,24.670000076293945,20.171112060546875,2232900,2020,-0.012805050628005299,IRM
2020-04-21,24.260000228881836,24.8700008392334,24.139999389648438,24.700000762939453,20.19563865661621,1820600,2020,0.0012159268163161041,IRM
2020-04-22,25.040000915527344,25.229999542236328,24.420000076293945,24.5,20.032114028930664,2068500,2020,-0.008097026811874297,IRM
2020-04-23,24.399999618530273,24.899999618530273,24.329999923706055,24.43000030517578,19.97488021850586,1647700,2020,-0.0028571028670337784,IRM
2020-04-24,24.520000457763672,24.59000015258789,23.329999923706055,23.530000686645508,19.2390079498291,3733400,2020,-0.03683988392556192,IRM
2020-04-27,23.719999313354492,24.770000457763672,23.639999389648438,24.43000030517578,19.97488021850586,2707800,2020,0.038248971599561754,IRM
2020-04-28,25.1200008392334,25.81999969482422,24.700000762939453,24.790000915527344,20.269229888916016,2650100,2020,0.014735991765169931,IRM
2020-04-29,25.309999465942383,25.639999389648438,24.760000228881836,24.950000762939453,20.400049209594727,2877900,2020,0.006454084412464534,IRM
2020-04-30,24.729999542236328,24.809999465942383,23.690000534057617,24.18000030517578,19.770469665527344,3814000,2020,-0.030861667910647705,IRM
2020-05-01,23.670000076293945,23.75,23.110000610351562,23.600000381469727,19.296241760253906,2275200,2020,-0.0239866787838795,IRM
2020-05-04,23.450000762939453,23.520000457763672,22.68000030517578,22.920000076293945,18.740245819091797,3713800,2020,-0.028813690669410086,IRM
2020-05-05,23.149999618530273,23.209999084472656,22.459999084472656,22.540000915527344,18.429548263549805,3748700,2020,-0.01657916115622482,IRM
2020-05-06,22.780000686645508,22.81999969482422,21.56999969482422,21.920000076293945,17.922609329223633,6364800,2020,-0.027506856222233145,IRM
2020-05-07,24.0,25.65999984741211,23.850000381469727,24.549999237060547,20.072998046875,7481500,2020,0.1199818998534472,IRM
2020-05-08,24.739999771118164,25.1299991607666,24.3700008392334,24.56999969482422,20.089344024658203,3469700,2020,0.0008143266763156465,IRM
2020-05-11,24.34000015258789,24.420000076293945,23.920000076293945,24.040000915527344,19.6560001373291,2275100,2020,-0.021570833114172516,IRM
2020-05-12,24.15999984741211,24.209999084472656,23.030000686645508,23.100000381469727,18.887418746948242,2941100,2020,-0.03910161706405524,IRM
2020-05-13,22.959999084472656,23.09000015258789,22.56999969482422,22.81999969482422,18.658483505249023,3182500,2020,-0.012121044424676097,IRM
2020-05-14,22.030000686645508,22.670000076293945,21.540000915527344,22.639999389648438,18.51131248474121,3332300,2020,-0.007887619616375074,IRM
2020-05-15,22.420000076293945,22.649999618530273,22.190000534057617,22.420000076293945,18.3314266204834,1887300,2020,-0.00971761804605109,IRM
2020-05-18,23.190000534057617,23.889999389648438,23.1299991607666,23.670000076293945,19.353473663330078,3376800,2020,0.05575381905654053,IRM
2020-05-19,23.600000381469727,23.979999542236328,23.18000030517578,23.459999084472656,19.18177032470703,2123100,2020,-0.008871964878758742,IRM
2020-05-20,24.18000030517578,24.34000015258789,23.610000610351562,23.8799991607666,19.525177001953125,2188500,2020,0.017902762437092212,IRM
2020-05-21,23.719999313354492,24.1299991607666,23.559999465942383,23.93000030517578,19.566059112548828,2035900,2020,0.002093815108135111,IRM
2020-05-22,23.90999984741211,24.209999084472656,23.719999313354492,24.170000076293945,19.762292861938477,1510800,2020,0.010029293495479319,IRM
2020-05-26,25.100000381469727,25.299999237060547,24.690000534057617,24.850000381469727,20.31828498840332,3895500,2020,0.028133988821492872,IRM
2020-05-27,25.40999984741211,25.479999542236328,24.950000762939453,25.459999084472656,20.81704330444336,2945700,2020,0.02454726451197553,IRM
2020-05-28,25.8700008392334,25.989999771118164,25.440000534057617,25.700000762939453,21.013280868530273,3004300,2020,0.00942677407242698,IRM
2020-05-29,25.469999313354492,26.0,25.360000610351562,25.760000228881836,21.062335968017578,4239300,2020,0.002334480740738165,IRM
2020-06-01,25.770000457763672,26.56999969482422,25.700000762939453,26.40999984741211,21.593801498413086,3357300,2020,0.02523298133704266,IRM
2020-06-02,26.639999389648438,26.920000076293945,26.309999465942383,26.709999084472656,21.839094161987305,2994700,2020,0.011359401613108444,IRM
2020-06-03,27.170000076293945,28.459999084472656,27.110000610351562,28.399999618530273,23.22089958190918,4399400,2020,0.06327210321419918,IRM
2020-06-04,28.350000381469727,29.059999465942383,28.020000457763672,29.059999465942383,23.76053810119629,3899200,2020,0.023239345977256187,IRM
2020-06-05,30.030000686645508,30.610000610351562,29.600000381469727,29.709999084472656,24.292003631591797,4943000,2020,0.02236757131223177,IRM
2020-06-08,30.25,30.68000030517578,29.84000015258789,30.559999465942383,24.986995697021484,3163000,2020,0.02860991114482836,IRM
2020-06-09,29.770000457763672,30.229999542236328,29.309999465942383,30.1299991607666,24.635414123535156,3192900,2020,-0.01407058206394285,IRM
2020-06-10,30.030000686645508,30.09000015258789,28.899999618530273,29.34000015258789,23.989479064941406,2677100,2020,-0.026219776755311952,IRM
2020-06-11,28.040000915527344,28.040000915527344,26.959999084472656,27.610000610351562,22.574966430664062,7172800,2020,-0.05896387455718177,IRM
2020-06-12,28.0,28.0,27.15999984741211,27.81999969482422,23.268327713012695,3007900,2020,0.030713723738114762,IRM
2020-06-15,26.93000030517578,28.260000228881836,26.829999923706055,28.020000457763672,23.435611724853516,2538300,2020,0.007189343983120322,IRM
2020-06-16,28.989999771118164,29.09000015258789,27.739999771118164,28.170000076293945,23.561063766479492,2755800,2020,0.005353051718847812,IRM
2020-06-17,28.290000915527344,28.399999618530273,27.670000076293945,27.850000381469727,23.29342269897461,1927700,2020,-0.011359464502857408,IRM
2020-06-18,27.510000228881836,27.510000228881836,26.809999465942383,26.979999542236328,22.565763473510742,4800400,2020,-0.031238828010273445,IRM
2020-06-19,27.469999313354492,27.489999771118164,26.139999389648438,26.34000015258789,22.030475616455078,10127200,2020,-0.02372123848962704,IRM
2020-06-22,26.100000381469727,26.15999984741211,25.209999084472656,25.75,21.53700828552246,5640100,2020,-0.022399304469125303,IRM
2020-06-23,25.959999084472656,26.3700008392334,25.84000015258789,26.100000381469727,21.829744338989258,4169600,2020,0.01359223386952868,IRM
2020-06-24,25.75,25.81999969482422,24.889999389648438,25.030000686645508,20.9348087310791,7761300,2020,-0.0409961561625688,IRM
2020-06-25,24.860000610351562,24.950000762939453,24.40999984741211,24.639999389648438,20.608613967895508,4669400,2020,-0.01558145418827428,IRM
2020-06-26,24.6200008392334,24.979999542236328,24.3700008392334,24.670000076293945,20.633708953857422,9111100,2020,0.0012176940186763296,IRM
2020-06-29,24.920000076293945,25.75,24.780000686645508,25.700000762939453,21.495189666748047,6226100,2020,0.041751132325125395,IRM
2020-06-30,25.75,26.360000610351562,25.610000610351562,26.100000381469727,21.829744338989258,5261900,2020,0.015564164700474725,IRM
2020-07-01,26.280000686645508,26.610000610351562,26.06999969482422,26.25,21.9552001953125,3250800,2020,0.005747014457662347,IRM
2020-07-02,26.579999923706055,26.65999984741211,25.959999084472656,26.15999984741211,21.879924774169922,2705100,2020,-0.003428591881327936,IRM
2020-07-06,26.65999984741211,26.770000457763672,26.219999313354492,26.420000076293945,22.097387313842773,2974800,2020,0.009938907099423577,IRM
2020-07-07,26.020000457763672,26.3799991607666,25.799999237060547,26.040000915527344,21.77956199645996,2928700,2020,-0.014382936447138839,IRM
2020-07-08,26.030000686645508,26.18000030517578,25.75,26.15999984741211,21.879924774169922,2499200,2020,0.0046081173591219216,IRM
2020-07-09,26.15999984741211,26.219999313354492,25.579999923706055,26.18000030517578,21.896652221679688,2860800,2020,0.0007645111983891617,IRM
2020-07-10,26.209999084472656,26.780000686645508,26.190000534057617,26.739999771118164,22.36503028869629,2910400,2020,0.021390396224719055,IRM
2020-07-13,26.8799991607666,27.059999465942383,26.549999237060547,26.860000610351562,22.465394973754883,2720400,2020,0.004487572060625444,IRM
2020-07-14,26.860000610351562,27.3799991607666,26.709999084472656,27.309999465942383,22.841773986816406,2053600,2020,0.01675372338217196,IRM
2020-07-15,27.709999084472656,27.75,27.350000381469727,27.600000381469727,23.084325790405273,2544500,2020,0.010618781348981976,IRM
2020-07-16,27.399999618530273,27.719999313354492,27.290000915527344,27.350000381469727,22.875225067138672,1559900,2020,-0.009058125637505632,IRM
2020-07-17,27.5,27.579999923706055,27.100000381469727,27.270000457763672,22.808317184448242,2405400,2020,-0.00292490598427142,IRM
2020-07-20,27.059999465942383,27.200000762939453,26.700000762939453,26.8799991607666,22.482126235961914,1484300,2020,-0.014301403555924797,IRM
2020-07-21,27.09000015258789,27.309999465942383,26.950000762939453,27.270000457763672,22.808317184448242,2460600,2020,0.014508901207242575,IRM
2020-07-22,27.170000076293945,27.860000610351562,27.09000015258789,27.5,23.000690460205078,3248100,2020,0.008434347619823646,IRM
2020-07-23,27.3700008392334,27.75,27.200000762939453,27.510000228881836,23.009050369262695,2311200,2020,0.0003634633956786093,IRM
2020-07-24,27.510000228881836,27.68000030517578,27.200000762939453,27.239999771118164,22.783222198486328,1169700,2020,-0.009814754070774145,IRM
2020-07-27,27.25,27.75,27.100000381469727,27.75,23.209787368774414,1626900,2020,0.018722776197847235,IRM
2020-07-28,27.700000762939453,28.079999923706055,27.670000076293945,27.8700008392334,23.310152053833008,3100600,2020,0.004324239746962055,IRM
2020-07-29,28.1200008392334,28.31999969482422,27.790000915527344,28.260000228881836,23.636341094970703,2293000,2020,0.013993432577547704,IRM
2020-07-30,27.850000381469727,28.270000457763672,27.790000915527344,28.25,23.62797737121582,2258800,2020,-0.0003538501886259926,IRM
2020-07-31,28.34000015258789,28.440000534057617,27.940000534057617,28.190000534057617,23.57779884338379,3273100,2020,-0.0021236912090986104,IRM
2020-08-03,28.049999237060547,28.149999618530273,27.84000015258789,28.049999237060547,23.4606990814209,2108600,2020,-0.004966526465881249,IRM
2020-08-04,27.969999313354492,28.940000534057617,27.969999313354492,28.860000610351562,24.1381778717041,2835000,2020,0.028877178294303807,IRM
2020-08-05,29.0,29.149999618530273,28.6200008392334,28.979999542236328,24.238540649414062,2759700,2020,0.00415784398654262,IRM
2020-08-06,29.760000228881836,29.799999237060547,28.799999237060547,29.09000015258789,24.330547332763672,5511600,2020,0.003795883781964937,IRM
2020-08-07,29.100000381469727,29.690000534057617,29.0,29.450000762939453,24.63164520263672,2837500,2020,0.01237530195087655,IRM
2020-08-10,29.469999313354492,29.8700008392334,29.450000762939453,29.75,24.88256072998047,3068700,2020,0.010186714093985527,IRM
2020-08-11,30.0,30.079999923706055,29.5,29.559999465942383,24.72364616394043,2847900,2020,-0.006386584072457069,IRM
2020-08-12,29.709999084472656,29.920000076293945,29.450000762939453,29.81999969482422,24.94110870361328,1621000,2020,0.008795730946433933,IRM
2020-08-13,29.739999771118164,30.149999618530273,29.260000228881836,29.360000610351562,24.55636978149414,2739500,2020,-0.015425894922762695,IRM
2020-08-14,29.270000457763672,29.850000381469727,29.1299991607666,29.739999771118164,24.874197006225586,1997700,2020,0.012942760984604673,IRM
2020-08-17,29.790000915527344,30.40999984741211,29.549999237060547,30.329999923706055,25.36766815185547,2948400,2020,0.019838676420644852,IRM
2020-08-18,30.309999465942383,30.3799991607666,29.860000610351562,30.0,25.091659545898438,2081300,2020,-0.010880330202397537,IRM
2020-08-19,30.0,30.1200008392334,29.6299991607666,30.0,25.091659545898438,1513300,2020,0.0,IRM
2020-08-20,29.969999313354492,30.229999542236328,29.899999618530273,30.100000381469727,25.175296783447266,1558900,2020,0.003333268466991335,IRM
2020-08-21,30.190000534057617,30.299999237060547,30.09000015258789,30.209999084472656,25.267301559448242,1686700,2020,0.003654565695585754,IRM
2020-08-24,30.190000534057617,30.34000015258789,29.670000076293945,30.34000015258789,25.376026153564453,2123700,2020,0.004302976076032694,IRM
2020-08-25,30.450000762939453,30.59000015258789,29.979999542236328,30.3799991607666,25.40948486328125,1562200,2020,0.001318516520842028,IRM
2020-08-26,30.229999542236328,30.299999237060547,29.780000686645508,30.260000228881836,25.309120178222656,1680800,2020,-0.003949890586079086,IRM
2020-08-27,30.329999923706055,30.6299991607666,30.229999542236328,30.450000762939453,25.468036651611328,2131200,2020,0.006279020063503227,IRM
2020-08-28,30.459999084472656,30.469999313354492,30.010000228881836,30.34000015258789,25.376026153564453,2141300,2020,-0.0036127833215229277,IRM
2020-08-31,30.34000015258789,30.3799991607666,30.020000457763672,30.09000015258789,25.166933059692383,2467800,2020,-0.008239788712650742,IRM
2020-09-01,30.030000686645508,30.139999389648438,29.729999542236328,29.940000534057617,25.04147720336914,1711100,2020,-0.0049849481470657375,IRM
2020-09-02,29.93000030517578,30.540000915527344,29.739999771118164,30.5,25.509849548339844,2736200,2020,0.01870386244257527,IRM
2020-09-03,30.579999923706055,30.68000030517578,30.010000228881836,30.290000915527344,25.334213256835938,2235700,2020,-0.006885038313185099,IRM
2020-09-04,30.440000534057617,30.639999389648438,29.860000610351562,30.15999984741211,25.225481033325195,2173700,2020,-0.004291912379848717,IRM
2020-09-08,30.030000686645508,30.389999389648438,29.579999923706055,30.100000381469727,25.175296783447266,2358800,2020,-0.0019894268740259236,IRM
2020-09-09,30.299999237060547,30.790000915527344,30.030000686645508,30.06999969482422,25.15020179748535,3116500,2020,-0.0009968099354608073,IRM
2020-09-10,30.100000381469727,30.209999084472656,29.780000686645508,29.799999237060547,24.924379348754883,3035100,2020,-0.008978951761454579,IRM
2020-09-11,29.93000030517578,30.010000228881836,29.530000686645508,29.81999969482422,24.94110870361328,2458000,2020,0.0006712044711048026,IRM
2020-09-14,29.5,29.56999969482422,28.8799991607666,28.959999084472656,24.73526382446289,2624300,2020,-0.00825323691887725,IRM
2020-09-15,29.0,29.329999923706055,28.760000228881836,29.06999969482422,24.829221725463867,2052700,2020,0.0037985404832454606,IRM
2020-09-16,29.049999237060547,29.559999465942383,28.90999984741211,29.31999969482422,25.042747497558594,2814400,2020,0.008599777087484828,IRM
2020-09-17,29.110000610351562,29.25,28.719999313354492,28.860000610351562,24.649856567382812,2655800,2020,-0.015688810910787,IRM
2020-09-18,28.649999618530273,28.829999923706055,28.299999237060547,28.329999923706055,24.197168350219727,3288400,2020,-0.018364740416465186,IRM
2020-09-21,27.889999389648438,28.049999237060547,26.989999771118164,27.270000457763672,23.291805267333984,3741500,2020,-0.03741607570695438,IRM
2020-09-22,27.270000457763672,27.600000381469727,27.1200008392334,27.190000534057617,23.223472595214844,2805200,2020,-0.002933764529406191,IRM
2020-09-23,27.059999465942383,27.200000762939453,26.040000915527344,26.059999465942383,22.25832176208496,4368700,2020,-0.041559281419814464,IRM
2020-09-24,26.049999237060547,26.729999542236328,25.969999313354492,26.5,22.63413429260254,3114600,2020,0.01688413594405569,IRM
2020-09-25,26.43000030517578,26.639999389648438,26.299999237060547,26.530000686645508,22.659759521484375,2914800,2020,0.0011321497235354805,IRM
2020-09-28,27.020000457763672,27.049999237060547,26.520000457763672,26.600000381469727,22.719545364379883,2749600,2020,0.0026384147121607526,IRM
2020-09-29,26.530000686645508,26.81999969482422,26.350000381469727,26.760000228881836,22.856203079223633,1613600,2020,0.006014984571742543,IRM
2020-09-30,27.0,27.280000686645508,26.489999771118164,26.790000915527344,22.881832122802734,2217300,2020,0.0011213167598427276,IRM
2020-10-01,26.84000015258789,27.059999465942383,26.549999237060547,27.010000228881836,23.069732666015625,2164600,2020,0.008211778768608236,IRM
2020-10-02,26.68000030517578,27.389999389648438,26.56999969482422,27.34000015258789,23.35159683227539,2825100,2020,0.012217920785661418,IRM
2020-10-05,27.479999542236328,27.549999237060547,27.0,27.350000381469727,23.360132217407227,2075500,2020,0.0003655161226507886,IRM
2020-10-06,27.459999084472656,27.6299991607666,26.969999313354492,27.110000610351562,23.1551456451416,2295100,2020,-0.008775060447340888,IRM
2020-10-07,27.110000610351562,27.3700008392334,26.940000534057617,27.100000381469727,23.146604537963867,1850500,2020,-0.0003688643253914048,IRM
2020-10-08,27.200000762939453,28.309999465942383,27.1299991607666,28.239999771118164,24.12030029296875,2876700,2020,0.042066461774463715,IRM
2020-10-09,28.510000228881836,28.690000534057617,28.06999969482422,28.25,24.128841400146484,2369000,2020,0.0003541045125472486,IRM
2020-10-12,28.239999771118164,28.3799991607666,28.030000686645508,28.350000381469727,24.214252471923828,2039000,2020,0.003539791669268766,IRM
2020-10-13,28.0,28.030000686645508,27.329999923706055,27.6299991607666,23.599288940429688,2361700,2020,-0.025396758880216752,IRM
2020-10-14,27.729999542236328,27.809999465942383,27.329999923706055,27.510000228881836,23.496793746948242,1539500,2020,-0.004343147530426306,IRM
2020-10-15,27.399999618530273,27.979999542236328,27.34000015258789,27.649999618530273,23.616371154785156,1357300,2020,0.005089094670733374,IRM
2020-10-16,27.579999923706055,27.75,27.40999984741211,27.510000228881836,23.496793746948242,1201200,2020,-0.005063326920685118,IRM
2020-10-19,27.75,27.75,27.25,27.329999923706055,23.343050003051758,1997600,2020,-0.006543179701547719,IRM
2020-10-20,27.5,27.760000228881836,27.440000534057617,27.489999771118164,23.47971534729004,1240600,2020,0.005854648138114538,IRM
2020-10-21,27.309999465942383,27.489999771118164,27.190000534057617,27.3799991607666,23.385761260986328,1498300,2020,-0.004001500227495458,IRM
2020-10-22,27.459999084472656,27.68000030517578,27.31999969482422,27.649999618530273,23.616371154785156,1585100,2020,0.009861124092784834,IRM
2020-10-23,27.809999465942383,28.0,27.5,27.850000381469727,23.787195205688477,1569400,2020,0.007233289559336331,IRM
2020-10-26,27.68000030517578,27.700000762939453,27.219999313354492,27.299999237060547,23.317428588867188,2422900,2020,-0.01974871828137803,IRM
2020-10-27,27.260000228881836,27.510000228881836,27.010000228881836,27.020000457763672,23.078279495239258,2100800,2020,-0.01025623784871843,IRM
2020-10-28,26.65999984741211,26.799999237060547,26.309999465942383,26.350000381469727,22.50601577758789,2784200,2020,-0.024796636931683658,IRM
2020-10-29,26.299999237060547,26.719999313354492,25.81999969482422,26.329999923706055,22.488933563232422,2491900,2020,-0.0007590065929163892,IRM
2020-10-30,26.360000610351562,26.450000762939453,25.760000228881836,26.059999465942383,22.25832176208496,3604100,2020,-0.010254456953196378,IRM
2020-11-02,26.299999237060547,26.649999618530273,26.09000015258789,26.520000457763672,22.651214599609375,2963300,2020,0.01765150318716624,IRM
2020-11-03,26.979999542236328,27.459999084472656,26.81999969482422,27.299999237060547,23.317428588867188,2411900,2020,0.029411843957776185,IRM
2020-11-04,27.229999542236328,27.549999237060547,26.600000381469727,26.6200008392334,22.73662757873535,2660300,2020,-0.02490845025720967,IRM
2020-11-05,27.350000381469727,28.09000015258789,27.18000030517578,27.479999542236328,23.47117042541504,3215000,2020,0.03230658742753367,IRM
2020-11-06,27.6200008392334,27.979999542236328,26.799999237060547,26.809999465942383,22.89891242980957,2955100,2020,-0.024381314831484313,IRM
2020-11-09,28.219999313354492,28.950000762939453,26.610000610351562,26.649999618530273,22.762248992919922,4332700,2020,-0.005968119110833503,IRM
2020-11-10,26.670000076293945,27.290000915527344,26.610000610351562,27.15999984741211,23.19785499572754,4441700,2020,0.01913721280103342,IRM
2020-11-11,27.309999465942383,27.700000762939453,26.31999969482422,26.459999084472656,22.59996795654297,5271300,2020,-0.025773375999405324,IRM
2020-11-12,26.549999237060547,26.559999465942383,25.469999313354492,25.579999923706055,21.848346710205078,6825900,2020,-0.033257624425980126,IRM
2020-11-13,25.6299991607666,25.889999389648438,24.850000381469727,25.489999771118164,21.771474838256836,12031500,2020,-0.0035184296994122954,IRM
2020-11-16,25.950000762939453,26.200000762939453,25.610000610351562,26.09000015258789,22.28394317626953,8343300,2020,0.02353852193385575,IRM
2020-11-17,25.90999984741211,26.100000381469727,25.65999984741211,25.899999618530273,22.121665954589844,2765400,2020,-0.007282248944724401,IRM
2020-11-18,25.940000534057617,26.3799991607666,25.780000686645508,25.899999618530273,22.121665954589844,3033800,2020,0.0,IRM
2020-11-19,25.780000686645508,25.940000534057617,25.469999313354492,25.790000915527344,22.027711868286133,2766900,2020,-0.004247152384299402,IRM
2020-11-20,25.6200008392334,25.799999237060547,25.479999542236328,25.690000534057617,21.942298889160156,2924300,2020,-0.003877523895205237,IRM
2020-11-23,25.760000228881836,26.43000030517578,25.670000076293945,26.15999984741211,22.343734741210938,3285400,2020,0.01829506808190895,IRM
2020-11-24,26.540000915527344,27.049999237060547,26.5,26.579999923706055,22.702465057373047,3609500,2020,0.016055074065145725,IRM
2020-11-25,26.649999618530273,26.940000534057617,26.239999771118164,26.93000030517578,23.001405715942383,2877100,2020,0.013167762082833878,IRM
2020-11-27,26.93000030517578,27.0,26.40999984741211,26.6200008392334,22.73662757873535,1496200,2020,-0.011511389367977243,IRM
2020-11-30,26.579999923706055,27.5,26.530000686645508,27.5,23.488252639770508,6963200,2020,0.03305789561061023,IRM
2020-12-01,27.56999969482422,27.8700008392334,27.100000381469727,27.239999771118164,23.26618003845215,3317800,2020,-0.00945462417848586,IRM
2020-12-02,27.149999618530273,27.440000534057617,26.950000762939453,27.440000534057617,23.43700408935547,2730200,2020,0.007342161481644016,IRM
2020-12-03,27.440000534057617,28.1299991607666,27.440000534057617,28.09000015258789,23.992183685302734,3186300,2020,0.02368816397482365,IRM
2020-12-04,28.229999542236328,29.15999984741211,28.1299991607666,29.15999984741211,24.906091690063477,4666500,2020,0.03809190596188161,IRM
2020-12-07,29.010000228881836,29.81999969482422,29.0,29.479999542236328,25.179407119750977,5067000,2020,0.01097383857285572,IRM
2020-12-08,29.399999618530273,30.280000686645508,29.360000610351562,30.149999618530273,25.751663208007812,6196100,2020,0.022727147050573437,IRM
2020-12-09,30.260000228881836,30.6200008392334,30.209999084472656,30.360000610351562,25.931034088134766,4368400,2020,0.006965409522410093,IRM
2020-12-10,30.219999313354492,30.43000030517578,29.979999542236328,30.290000915527344,25.871240615844727,3394000,2020,-0.002305865322871914,IRM
2020-12-11,30.190000534057617,30.579999923706055,30.1200008392334,30.3799991607666,25.948110580444336,4349500,2020,0.002971251581670664,IRM
2020-12-14,29.899999618530273,30.06999969482422,29.209999084472656,29.270000457763672,25.52001953125,2855900,2020,-0.016497966118464324,IRM
2020-12-15,29.40999984741211,29.469999313354492,28.93000030517578,29.3700008392334,25.60721206665039,3117300,2020,0.003416632784846385,IRM
2020-12-16,29.459999084472656,29.799999237060547,29.040000915527344,29.049999237060547,25.32820701599121,2449700,2020,-0.010895565277976638,IRM
2020-12-17,29.25,29.6299991607666,29.1200008392334,29.59000015258789,25.799020767211914,2536800,2020,0.018588514809731782,IRM
2020-12-18,29.59000015258789,29.770000457763672,29.350000381469727,29.479999542236328,25.703115463256836,3684800,2020,-0.003717400936277593,IRM
2020-12-21,29.0,29.15999984741211,28.780000686645508,29.149999618530273,25.415395736694336,2584700,2020,-0.01119396311991061,IRM
2020-12-22,29.360000610351562,29.670000076293945,29.25,29.59000015258789,25.799020767211914,3346700,2020,0.015094198590962948,IRM
2020-12-23,29.760000228881836,29.8700008392334,29.309999465942383,29.469999313354492,25.694395065307617,2883600,2020,-0.004055413685982501,IRM
2020-12-24,29.639999389648438,29.690000534057617,29.329999923706055,29.540000915527344,25.755428314208984,1070800,2020,0.0023753526302618955,IRM
2020-12-28,29.600000381469727,29.93000030517578,29.270000457763672,29.530000686645508,25.7467098236084,2268800,2020,-0.00033851079835378606,IRM
2020-12-29,29.579999923706055,29.729999542236328,29.290000915527344,29.389999389648438,25.624645233154297,1641300,2020,-0.004740978217813829,IRM
2020-12-30,29.440000534057617,29.510000228881836,29.139999389648438,29.290000915527344,25.537456512451172,2215500,2020,-0.0034025337681676815,IRM
2020-12-31,29.190000534057617,29.5,28.979999542236328,29.479999542236328,25.703115463256836,2776600,2020,0.0064869009458672355,IRM
2021-01-04,30.0,30.0,28.459999084472656,28.65999984741211,24.98817253112793,4853900,2021,-0.027815419230051375,IRM
2021-01-05,28.68000030517578,29.1299991607666,28.600000381469727,28.8799991607666,25.179983139038086,2099400,2021,0.007676055848870655,IRM
2021-01-06,29.139999389648438,29.190000534057617,28.729999542236328,28.809999465942383,25.118947982788086,3368100,2021,-0.0024239554058863577,IRM
2021-01-07,28.809999465942383,28.90999984741211,28.209999084472656,28.540000915527344,24.883543014526367,3231800,2021,-0.009371609369270617,IRM
2021-01-08,28.770000457763672,29.020000457763672,28.530000686645508,28.549999237060547,24.892261505126953,2443700,2021,0.00035037175355201455,IRM
2021-01-11,28.420000076293945,28.549999237060547,27.829999923706055,28.0,24.41272735595703,3983400,2021,-0.019264386607506734,IRM
2021-01-12,28.0,28.25,27.719999313354492,28.059999465942383,24.465036392211914,3349900,2021,0.002142695303649411,IRM
2021-01-13,28.209999084472656,28.5,28.149999618530273,28.440000534057617,24.79636001586914,2136200,2021,0.013542739865398223,IRM
2021-01-14,28.559999465942383,30.200000762939453,28.549999237060547,30.190000534057617,26.32215118408203,4449500,2021,0.06153286882576392,IRM
2021-01-15,30.100000381469727,30.43000030517578,29.790000915527344,30.020000457763672,26.173933029174805,3018800,2021,-0.005630928637658572,IRM
2021-01-19,30.010000228881836,30.25,29.459999084472656,29.520000457763672,25.737985610961914,2763400,2021,-0.01665578565234971,IRM
2021-01-20,29.479999542236328,30.559999465942383,29.31999969482422,30.299999237060547,26.418058395385742,3328500,2021,0.02642292192960838,IRM
2021-01-21,30.190000534057617,30.31999969482422,29.75,30.270000457763672,26.391902923583984,1515600,2021,-0.0009900603371489902,IRM
2021-01-22,30.1299991607666,30.209999084472656,29.770000457763672,30.149999618530273,26.287273406982422,2486200,2021,-0.003964455193113947,IRM
2021-01-25,30.149999618530273,35.54999923706055,30.149999618530273,32.11000061035156,27.99616813659668,13928800,2021,0.06500844355962543,IRM
2021-01-26,32.150001525878906,33.72999954223633,31.90999984741211,33.400001525878906,29.120899200439453,6947900,2021,0.040174464532255705,IRM
2021-01-27,33.7400016784668,41.31999969482422,33.529998779296875,37.0099983215332,32.268394470214844,22525900,2021,0.10808372530364352,IRM
2021-01-28,35.849998474121094,37.619998931884766,33.380001068115234,33.40999984741211,29.12961196899414,11526100,2021,-0.09727110854920096,IRM
2021-01-29,33.529998779296875,35.16999816894531,33.33000183105469,33.66999816894531,29.356307983398438,8143900,2021,0.0077823218052335275,IRM
2021-02-01,33.849998474121094,33.959999084472656,33.0099983215332,33.380001068115234,29.10346221923828,3927600,2021,-0.00861299603148824,IRM
2021-02-02,33.189998626708984,33.2400016784668,31.209999084472656,32.15999984741211,28.039758682250977,4076000,2021,-0.03654903767030726,IRM
2021-02-03,32.0,32.65999984741211,31.559999465942383,32.40999984741211,28.257734298706055,2471700,2021,0.007773805007567969,IRM
2021-02-04,32.5,32.58000183105469,31.459999084472656,31.940000534057617,27.847946166992188,4373200,2021,-0.014501804262935236,IRM
2021-02-05,32.0,32.709999084472656,31.829999923706055,32.400001525878906,28.249013900756836,3183800,2021,0.014402057924114642,IRM
2021-02-08,32.470001220703125,33.20000076293945,32.29999923706055,33.09000015258789,28.850614547729492,2189100,2021,0.02129634149659787,IRM
2021-02-09,33.189998626708984,33.75,33.130001068115234,33.380001068115234,29.10346221923828,2135800,2021,0.008764030696486014,IRM
2021-02-10,33.779998779296875,34.40999984741211,33.68000030517578,34.38999938964844,29.98405647277832,2528300,2021,0.030257370992717858,IRM
2021-02-11,34.380001068115234,34.380001068115234,32.790000915527344,33.2400016784668,28.98139762878418,3685800,2021,-0.0334397330429399,IRM
2021-02-12,33.2400016784668,33.40999984741211,32.95000076293945,33.16999816894531,28.92036247253418,1622300,2021,-0.002106011484738768,IRM
2021-02-16,33.34000015258789,33.380001068115234,32.619998931884766,32.970001220703125,28.74598503112793,1738500,2021,-0.006029573162226298,IRM
2021-02-17,32.90999984741211,32.91999816894531,32.560001373291016,32.7400016784668,28.545452117919922,1978800,2021,-0.006976032061202897,IRM
2021-02-18,32.630001068115234,33.0,32.41999816894531,32.45000076293945,28.2926082611084,1965100,2021,-0.008857588093789448,IRM
2021-02-19,32.529998779296875,32.79999923706055,32.130001068115234,32.16999816894531,28.048479080200195,2561500,2021,-0.008628726579577584,IRM
2021-02-22,32.130001068115234,32.150001525878906,31.709999084472656,31.809999465942383,27.734601974487305,3001500,2021,-0.011190521411710397,IRM
2021-02-23,32.08000183105469,32.279998779296875,31.579999923706055,32.099998474121094,27.987445831298828,2547700,2021,0.009116548960901305,IRM
2021-02-24,32.599998474121094,34.93000030517578,32.40999984741211,34.650001525878906,30.210756301879883,6178400,2021,0.07943956315208611,IRM
2021-02-25,34.5,36.09000015258789,34.09000015258789,34.599998474121094,30.167152404785156,5279600,2021,-0.0014433235851170068,IRM
2021-02-26,34.41999816894531,35.099998474121094,34.0,34.790000915527344,30.332815170288086,3232500,2021,0.005491494963795418,IRM
2021-03-01,35.20000076293945,35.849998474121094,34.70000076293945,34.72999954223633,30.280498504638672,2660300,2021,-0.0017247547039636046,IRM
2021-03-02,34.79999923706055,35.54999923706055,34.599998474121094,35.15999984741211,30.655412673950195,2747200,2021,0.012381373749645874,IRM
2021-03-03,35.34000015258789,35.63999938964844,34.279998779296875,34.279998779296875,29.888153076171875,3701000,2021,-0.025028519626822954,IRM
2021-03-04,34.54999923706055,35.29999923706055,34.189998626708984,34.91999816894531,30.446157455444336,3903200,2021,0.018669751116783706,IRM
2021-03-05,34.97999954223633,35.97999954223633,34.84000015258789,35.790000915527344,31.204694747924805,2784600,2021,0.024914056678269958,IRM
2021-03-08,36.0,37.16999816894531,35.900001525878906,36.56999969482422,31.884765625,3234500,2021,0.021793864114643346,IRM
2021-03-09,36.54999923706055,37.33000183105469,36.529998779296875,36.68000030517578,31.980674743652344,3170900,2021,0.0030079919601837535,IRM
2021-03-10,36.77000045776367,37.290000915527344,36.59000015258789,36.900001525878906,32.17249298095703,2140000,2021,0.005997942158576963,IRM
2021-03-11,36.79999923706055,37.41999816894531,36.72999954223633,37.0099983215332,32.268394470214844,2346700,2021,0.0029808535295843264,IRM
2021-03-12,36.40999984741211,36.900001525878906,36.130001068115234,36.869998931884766,32.69313049316406,2179400,2021,0.013162601670227758,IRM
2021-03-15,36.849998474121094,37.0099983215332,36.310001373291016,36.810001373291016,32.63992691040039,2108100,2021,-0.001627362750556971,IRM
2021-03-16,36.7599983215332,36.7599983215332,35.619998931884766,35.779998779296875,31.726608276367188,2594100,2021,-0.027981638455880975,IRM
2021-03-17,35.77000045776367,36.5,35.720001220703125,36.189998626708984,32.09016418457031,2637800,2021,0.011459022188449186,IRM
2021-03-18,36.13999938964844,36.27000045776367,35.599998474121094,35.810001373291016,31.753210067749023,1541300,2021,-0.01050023037848169,IRM
2021-03-19,35.81999969482422,36.16999816894531,35.68000030517578,35.79999923706055,31.744346618652344,2694300,2021,-0.000279135529219543,IRM
2021-03-22,35.79999923706055,36.599998474121094,35.529998779296875,36.58000183105469,32.43598175048828,1564800,2021,0.02178766317494607,IRM
2021-03-23,36.5099983215332,36.63999938964844,36.029998779296875,36.2599983215332,32.1522331237793,1961400,2021,-0.008747958637161157,IRM
2021-03-24,36.25,36.939998626708984,36.11000061035156,36.459999084472656,32.3295783996582,3101000,2021,0.005515799639675523,IRM
2021-03-25,36.13999938964844,36.95000076293945,35.70000076293945,36.86000061035156,32.68426513671875,2130500,2021,0.010970966978780528,IRM
2021-03-26,37.099998474121094,37.29999923706055,36.75,37.279998779296875,33.056678771972656,1893300,2021,0.011394278980913164,IRM
2021-03-29,37.290000915527344,37.47999954223633,36.68000030517578,36.689998626708984,32.53351974487305,1484500,2021,-0.015826121877167365,IRM
2021-03-30,36.7400016784668,37.38999938964844,36.470001220703125,37.15999984741211,32.95027542114258,1869800,2021,0.012810039600317458,IRM
2021-03-31,37.15999984741211,37.45000076293945,36.90999984741211,37.0099983215332,32.81726837158203,1559400,2021,-0.004036599022635312,IRM
2021-04-01,37.220001220703125,37.36000061035156,36.58000183105469,37.29999923706055,33.07441711425781,2659400,2021,0.007835775353516539,IRM
2021-04-05,37.529998779296875,37.900001525878906,36.93000030517578,37.560001373291016,33.30496597290039,1869300,2021,0.006970609877904543,IRM
2021-04-06,37.56999969482422,37.61000061035156,37.040000915527344,37.4900016784668,33.242897033691406,2241500,2021,-0.0018636541847689703,IRM
2021-04-07,37.5,37.7599983215332,37.22999954223633,37.689998626708984,33.420230865478516,1471500,2021,0.005334487893981832,IRM
2021-04-08,37.560001373291016,37.869998931884766,37.209999084472656,37.380001068115234,33.145355224609375,1499100,2021,-0.008224827709166882,IRM
2021-04-09,37.349998474121094,37.68000030517578,37.060001373291016,37.65999984741211,33.39363479614258,961700,2021,0.007490629376295299,IRM
2021-04-12,37.70000076293945,37.95000076293945,37.529998779296875,37.90999984741211,33.61530685424805,2038300,2021,0.006638153033016847,IRM
2021-04-13,37.939998626708984,38.130001068115234,37.650001525878906,38.029998779296875,33.721717834472656,1196800,2021,0.0031655513568862315,IRM
2021-04-14,37.7599983215332,38.209999084472656,37.75,37.9900016784668,33.68625259399414,1305100,2021,-0.001051703257010872,IRM
2021-04-15,38.099998474121094,38.15999984741211,37.72999954223633,38.150001525878906,33.828125,1660500,2021,0.004211581730855896,IRM
2021-04-16,38.22999954223633,38.400001525878906,37.880001068115234,38.040000915527344,33.730587005615234,1222400,2021,-0.0028833402497112637,IRM
2021-04-19,38.18000030517578,38.59000015258789,37.93000030517578,38.47999954223633,34.1207389831543,1489500,2021,0.011566711764432469,IRM
2021-04-20,38.47999954223633,39.939998626708984,38.47999954223633,39.4900016784668,35.016319274902344,5086500,2021,0.026247388492675938,IRM
2021-04-21,39.4900016784668,40.400001525878906,39.11000061035156,40.2400016784668,35.681358337402344,2849800,2021,0.018992260645071868,IRM
2021-04-22,40.16999816894531,40.7400016784668,39.79999923706055,40.369998931884766,35.79662322998047,2640100,2021,0.0032303953086141313,IRM
2021-04-23,40.5,40.91999816894531,40.25,40.31999969482422,35.75229263305664,1797000,2021,-0.001238401640261455,IRM
2021-04-26,40.5,40.630001068115234,40.0099983215332,40.08000183105469,35.53948211669922,1247800,2021,-0.0059523599938499094,IRM
2021-04-27,40.16999816894531,40.31999969482422,39.91999816894531,40.040000915527344,35.50401306152344,1515700,2021,-0.0009980183464495251,IRM
2021-04-28,39.9900016784668,40.099998474121094,39.38999938964844,39.529998779296875,35.051788330078125,1429700,2021,-0.012737284955975814,IRM
2021-04-29,39.849998474121094,40.369998931884766,39.63999938964844,40.290000915527344,35.72568893432617,2764700,2021,0.01922585512333952,IRM
2021-04-30,40.290000915527344,40.38999938964844,39.66999816894531,40.119998931884766,35.574947357177734,1952400,2021,-0.0042194169418410254,IRM
2021-05-03,40.15999984741211,40.369998931884766,39.779998779296875,40.099998474121094,35.55720901489258,2009700,2021,-0.0004986189327860213,IRM
2021-05-04,40.2400016784668,40.4900016784668,39.720001220703125,39.869998931884766,35.353275299072266,1590400,2021,-0.005735369042460525,IRM
2021-05-05,39.369998931884766,39.45000076293945,38.56999969482422,38.72999954223633,34.342411041259766,2835300,2021,-0.02859322790494112,IRM
2021-05-06,39.5099983215332,41.75,39.20000076293945,41.650001525878906,36.93162155151367,4548000,2021,0.0753939642485546,IRM
2021-05-07,41.0,41.83000183105469,40.66999816894531,41.29999923706055,36.621273040771484,3148100,2021,-0.008403327492926382,IRM
2021-05-10,41.4900016784668,42.16999816894531,41.08000183105469,41.810001373291016,37.07349395751953,3313500,2021,0.012348585376717347,IRM
2021-05-11,41.459999084472656,42.06999969482422,41.150001525878906,41.93000030517578,37.17990493774414,2017700,2021,0.002870271152390913,IRM
2021-05-12,41.95000076293945,42.119998931884766,40.529998779296875,40.68000030517578,36.071510314941406,2644700,2021,-0.029811658331528434,IRM
2021-05-13,40.7400016784668,42.33000183105469,40.599998474121094,41.880001068115234,37.13555908203125,3117400,2021,0.029498314814090154,IRM
2021-05-14,41.900001525878906,42.869998931884766,41.68000030517578,42.5,37.685325622558594,2736100,2021,0.014804315704872728,IRM
2021-05-17,42.709999084472656,43.7599983215332,42.689998626708984,43.54999923706055,38.61637496948242,3327600,2021,0.024705885687411833,IRM
2021-05-18,43.220001220703125,43.459999084472656,42.31999969482422,42.56999969482422,37.74740219116211,2492500,2021,-0.022502702001600094,IRM
2021-05-19,42.43000030517578,42.52000045776367,41.90999984741211,42.119998931884766,37.3483772277832,1878700,2021,-0.0105709251555417,IRM
2021-05-20,42.0,43.20000076293945,41.91999816894531,43.0,38.12868118286133,2456700,2021,0.02089257989227078,IRM
2021-05-21,42.900001525878906,43.22999954223633,42.70000076293945,42.9900016784668,38.11981964111328,1341400,2021,-0.00023241144128605118,IRM
2021-05-24,43.130001068115234,43.869998931884766,42.970001220703125,43.689998626708984,38.74051284790039,2949000,2021,0.016282690018755375,IRM
2021-05-25,43.68000030517578,43.72999954223633,43.209999084472656,43.220001220703125,38.32376480102539,1736500,2021,-0.01075742204320318,IRM
2021-05-26,43.33000183105469,43.66999816894531,43.15999984741211,43.33000183105469,38.42129898071289,2052200,2021,0.002545005173523407,IRM
2021-05-27,43.45000076293945,43.5,43.0,43.0099983215332,38.13755416870117,5111000,2021,-0.007385091590842774,IRM
2021-05-28,43.2599983215332,43.630001068115234,43.060001373291016,43.540000915527344,38.607505798339844,1890600,2021,0.01232254243572739,IRM
2021-06-01,43.7400016784668,44.22999954223633,43.349998474121094,44.18000030517578,39.17500305175781,2169900,2021,0.014699143124712544,IRM
2021-06-02,44.400001525878906,45.95000076293945,44.13999938964844,45.279998779296875,40.150394439697266,4080600,2021,0.024898310451967776,IRM
2021-06-03,45.029998779296875,45.630001068115234,44.630001068115234,45.540000915527344,40.38093948364258,2003700,2021,0.005742036838307429,IRM
2021-06-04,45.75,45.810001373291016,45.2599983215332,45.66999816894531,40.4962043762207,1689200,2021,0.0028544381099606664,IRM
2021-06-07,45.709999084472656,46.2400016784668,45.650001525878906,45.720001220703125,40.54054641723633,2025100,2021,0.0010949678296681142,IRM
2021-06-08,45.7400016784668,46.93000030517578,45.72999954223633,46.65999984741211,41.374053955078125,1836300,2021,0.020559849619772752,IRM
2021-06-09,46.86000061035156,47.34000015258789,46.59000015258789,47.02000045776367,41.693267822265625,1597900,2021,0.00771531519570412,IRM
2021-06-10,47.02000045776367,47.22999954223633,46.02000045776367,46.400001525878906,41.14351272583008,3221200,2021,-0.0131857041951976,IRM
2021-06-11,46.38999938964844,46.459999084472656,45.77000045776367,46.279998779296875,41.037105560302734,3046100,2021,-0.0025862440632236083,IRM
2021-06-14,45.7599983215332,46.16999816894531,45.529998779296875,45.939998626708984,41.2878532409668,1640400,2021,0.006110267214036291,IRM
2021-06-15,45.880001068115234,46.060001373291016,45.63999938964844,45.959999084472656,41.30582809448242,1462500,2021,0.00043535451966270067,IRM
2021-06-16,45.95000076293945,45.959999084472656,45.16999816894531,45.36000061035156,40.76658630371094,1899100,2021,-0.013054859704979882,IRM
2021-06-17,45.25,45.720001220703125,45.06999969482422,45.56999969482422,40.955318450927734,1729200,2021,0.004629579376863813,IRM
2021-06-18,45.58000183105469,45.58000183105469,44.209999084472656,44.25,39.76898956298828,3134700,2021,-0.02896641835079128,IRM
2021-06-21,44.310001373291016,45.45000076293945,44.310001373291016,45.36000061035156,40.76658630371094,1301700,2021,0.02508478972397854,IRM
2021-06-22,45.349998474121094,45.349998474121094,43.65999984741211,43.7599983215332,39.328609466552734,2796900,2021,-0.035273417951782404,IRM
2021-06-23,43.75,43.75,43.209999084472656,43.5,39.094940185546875,2676100,2021,-0.005941457991404109,IRM
2021-06-24,43.720001220703125,43.810001373291016,43.2400016784668,43.349998474121094,38.96013259887695,3030100,2021,-0.003448210587613576,IRM
2021-06-25,43.25,43.439998626708984,43.099998474121094,43.15999984741211,38.78936767578125,2394200,2021,-0.004383068324069983,IRM
2021-06-28,43.15999984741211,43.310001373291016,42.83000183105469,42.95000076293945,38.60063552856445,1772200,2021,-0.00486556390385906,IRM
2021-06-29,42.900001525878906,42.970001220703125,42.20000076293945,42.31999969482422,38.03443145751953,3477000,2021,-0.014668257744770319,IRM
2021-06-30,42.29999923706055,42.880001068115234,42.209999084472656,42.31999969482422,38.03443145751953,2634000,2021,0.0,IRM
2021-07-01,42.5,42.93000030517578,42.220001220703125,42.619998931884766,38.304054260253906,2020500,2021,0.007088913713236833,IRM
2021-07-02,42.72999954223633,42.869998931884766,42.2400016784668,42.77000045776367,38.43886184692383,1524300,2021,0.0035194077826326,IRM
2021-07-06,42.63999938964844,42.70000076293945,42.09000015258789,42.41999816894531,38.124305725097656,2162500,2021,-0.008183283966076815,IRM
2021-07-07,42.279998779296875,42.970001220703125,41.97999954223633,42.7599983215332,38.429874420166016,2207300,2021,0.008015062550167373,IRM
2021-07-08,42.4900016784668,42.900001525878906,42.25,42.619998931884766,38.304054260253906,1103600,2021,-0.0032740195436622432,IRM
2021-07-09,43.0099983215332,44.150001525878906,42.95000076293945,43.7400016784668,39.310638427734375,2331500,2021,0.026278789201824804,IRM
2021-07-12,43.599998474121094,44.619998931884766,43.349998474121094,44.5,39.993682861328125,2512400,2021,0.01737556195759593,IRM
2021-07-13,44.5099983215332,45.04999923706055,43.970001220703125,44.20000076293945,39.724056243896484,3089200,2021,-0.006741730146896718,IRM
2021-07-14,44.0,44.58000183105469,43.97999954223633,44.220001220703125,39.742027282714844,1876900,2021,0.00045239687276699136,IRM
2021-07-15,44.150001525878906,44.68000030517578,43.810001373291016,44.04999923706055,39.58924865722656,1160200,2021,-0.0038442584823731307,IRM
2021-07-16,44.099998474121094,44.20000076293945,43.25,43.31999969482422,38.93316650390625,1000500,2021,-0.016572230481079142,IRM
2021-07-19,42.849998474121094,43.06999969482422,42.20000076293945,42.7400016784668,38.41189956665039,2096600,2021,-0.013388762951083377,IRM
2021-07-20,43.0,44.040000915527344,42.970001220703125,43.790000915527344,39.35557174682617,1442100,2021,0.024567183368225942,IRM
2021-07-21,43.900001525878906,44.380001068115234,43.65999984741211,43.88999938964844,39.4454460144043,1259400,2021,0.002283647869640637,IRM
2021-07-22,43.91999816894531,44.279998779296875,43.43000030517578,43.58000183105469,39.166839599609375,1180900,2021,-0.007063081874982058,IRM
2021-07-23,43.63999938964844,43.68000030517578,43.189998626708984,43.41999816894531,39.02303695678711,1281400,2021,-0.003671540627028236,IRM
2021-07-26,43.310001373291016,43.61000061035156,43.119998931884766,43.61000061035156,39.19380187988281,1346400,2021,0.004376002905278842,IRM
2021-07-27,43.52000045776367,44.0,43.130001068115234,43.93000030517578,39.481388092041016,1514000,2021,0.007337543141121339,IRM
2021-07-28,43.939998626708984,44.099998474121094,43.130001068115234,43.43000030517578,39.03202438354492,1201300,2021,-0.011381659313712933,IRM
2021-07-29,43.540000915527344,44.119998931884766,43.38999938964844,43.439998626708984,39.041019439697266,1302800,2021,0.00023045323153003672,IRM
2021-07-30,43.540000915527344,44.060001373291016,43.439998626708984,43.7599983215332,39.328609466552734,2611700,2021,0.007366355463634289,IRM
2021-08-02,44.09000015258789,44.400001525878906,43.66999816894531,43.7599983215332,39.328609466552734,1024600,2021,0.0,IRM
2021-08-03,43.95000076293945,44.130001068115234,43.45000076293945,43.90999984741211,39.46342086791992,815700,2021,0.0034278201847395273,IRM
2021-08-04,44.02000045776367,44.02000045776367,43.150001525878906,43.33000183105469,38.94215393066406,1283700,2021,-0.013208863443452734,IRM
2021-08-05,43.43000030517578,44.25,42.400001525878906,44.209999084472656,39.7330322265625,1621900,2021,0.020309053713530645,IRM
2021-08-06,44.45000076293945,45.4900016784668,44.38999938964844,44.970001220703125,40.416080474853516,1375700,2021,0.017190941894295708,IRM
2021-08-09,44.880001068115234,45.5,44.66999816894531,45.310001373291016,40.721649169921875,2254600,2021,0.007560572214776684,IRM
2021-08-10,45.5,46.7599983215332,45.43000030517578,45.970001220703125,41.314815521240234,1852400,2021,0.014566363676559835,IRM
2021-08-11,46.130001068115234,46.86000061035156,46.04999923706055,46.720001220703125,41.988861083984375,1068600,2021,0.016314863185038497,IRM
2021-08-12,46.79999923706055,46.79999923706055,46.27000045776367,46.54999923706055,41.83607864379883,609800,2021,-0.003638642159880412,IRM
2021-08-13,46.560001373291016,46.68000030517578,46.0,46.099998474121094,41.43164825439453,946100,2021,-0.009667024312859263,IRM
2021-08-16,46.11000061035156,46.16999816894531,45.43000030517578,45.849998474121094,41.20695877075195,1031700,2021,-0.005423136493700742,IRM
2021-08-17,45.599998474121094,45.72999954223633,45.029998779296875,45.61000061035156,40.99126434326172,944700,2021,-0.0052344175334611,IRM
2021-08-18,45.470001220703125,45.470001220703125,44.95000076293945,45.2599983215332,40.67670440673828,1427100,2021,-0.007673828596486021,IRM
2021-08-19,45.13999938964844,46.02000045776367,45.119998931884766,45.790000915527344,41.153038024902344,1109900,2021,0.011710231325553488,IRM
2021-08-20,45.70000076293945,45.959999084472656,45.43000030517578,45.66999816894531,41.045188903808594,982600,2021,-0.0026206843108032007,IRM
2021-08-23,45.900001525878906,45.959999084472656,45.619998931884766,45.869998931884766,41.224937438964844,1178900,2021,0.004379283905295184,IRM
2021-08-24,46.0,46.31999969482422,45.709999084472656,45.77000045776367,41.135066986083984,1101000,2021,-0.002180002165289352,IRM
2021-08-25,45.75,46.13999938964844,45.459999084472656,45.880001068115234,41.23392868041992,1010700,2021,0.002403343462875185,IRM
2021-08-26,45.869998931884766,46.119998931884766,45.66999816894531,45.81999969482422,41.18000793457031,1038900,2021,-0.0013076790782541314,IRM
2021-08-27,46.0,46.709999084472656,45.79999923706055,46.369998931884766,41.67430877685547,1097800,2021,0.012003417849518971,IRM
2021-08-30,46.400001525878906,46.720001220703125,46.029998779296875,46.689998626708984,41.96189880371094,998200,2021,0.006900894946941127,IRM
2021-08-31,46.619998931884766,47.81999969482422,46.56999969482422,47.75,42.91455841064453,3103100,2021,0.022702967074724967,IRM
2021-09-01,47.7599983215332,48.400001525878906,47.5,48.36000061035156,43.46278381347656,1748400,2021,0.012774811698774258,IRM
2021-09-02,48.58000183105469,49.45000076293945,48.11000061035156,49.45000076293945,44.44240951538086,1954700,2021,0.022539414550812653,IRM
2021-09-03,49.58000183105469,49.58000183105469,48.709999084472656,49.380001068115234,44.379493713378906,1488800,2021,-0.0014156703627912215,IRM
2021-09-07,49.08000183105469,49.130001068115234,48.04999923706055,48.38999938964844,43.48974609375,2021000,2021,-0.0200486203239556,IRM
2021-09-08,48.220001220703125,48.599998474121094,47.709999084472656,48.470001220703125,43.5616455078125,1304300,2021,0.001653249800711798,IRM
2021-09-09,48.20000076293945,48.209999084472656,47.75,47.81999969482422,42.977474212646484,1183200,2021,-0.013410221040921155,IRM
2021-09-10,47.81999969482422,47.81999969482422,47.0099983215332,47.02000045776367,42.258480072021484,1265100,2021,-0.016729557839242015,IRM
2021-09-13,47.06999969482422,47.790000915527344,46.75,47.20000076293945,42.42026138305664,1818800,2021,0.0038283750565433206,IRM
2021-09-14,46.810001373291016,46.939998626708984,45.36000061035156,45.439998626708984,41.381168365478516,1734300,2021,-0.024495205444282298,IRM
2021-09-15,45.59000015258789,45.63999938964844,45.02000045776367,45.06999969482422,41.04422378540039,2048100,2021,-0.008142461737721596,IRM
2021-09-16,45.029998779296875,45.11000061035156,44.459999084472656,44.90999984741211,40.89851379394531,1675100,2021,-0.0035500730192127294,IRM
2021-09-17,44.7599983215332,45.2400016784668,44.709999084472656,44.900001525878906,40.889404296875,2192600,2021,-0.00022273418335461148,IRM
2021-09-20,44.349998474121094,44.599998474121094,43.91999816894531,44.380001068115234,40.415855407714844,1812700,2021,-0.011581212720096934,IRM
2021-09-21,44.439998626708984,44.79999923706055,44.16999816894531,44.47999954223633,40.506919860839844,1556900,2021,0.0022531863350743198,IRM
2021-09-22,44.790000915527344,45.04999923706055,44.70000076293945,44.779998779296875,40.78012466430664,1780600,2021,0.0067446452212456265,IRM
2021-09-23,44.900001525878906,45.34000015258789,44.61000061035156,44.790000915527344,40.78923416137695,1639800,2021,0.0002233808048723862,IRM
2021-09-24,44.709999084472656,44.900001525878906,44.220001220703125,44.27000045776367,40.31568145751953,1043600,2021,-0.011609747365784684,IRM
2021-09-27,44.29999923706055,44.790000915527344,44.029998779296875,44.040000915527344,40.10622787475586,1157400,2021,-0.005195337774071218,IRM
2021-09-28,43.97999954223633,44.02000045776367,43.470001220703125,43.81999969482422,39.90587615966797,1242700,2021,-0.004995526273713691,IRM
2021-09-29,44.09000015258789,44.720001220703125,44.040000915527344,44.310001373291016,40.352108001708984,1354900,2021,0.011182108626198062,IRM
2021-09-30,44.400001525878906,44.5099983215332,43.41999816894531,43.45000076293945,39.56892776489258,1573000,2021,-0.019408657331687285,IRM
2021-10-01,43.650001525878906,44.13999938964844,43.189998626708984,43.970001220703125,40.042476654052734,1401900,2021,0.01196769576304546,IRM
2021-10-04,43.939998626708984,44.45000076293945,43.79999923706055,44.18000030517578,40.23371887207031,1136300,2021,0.004775983755196167,IRM
2021-10-05,44.20000076293945,44.70000076293945,43.95000076293945,44.25,40.297462463378906,1509600,2021,0.0015843325721709434,IRM
2021-10-06,44.18000030517578,44.459999084472656,43.16999816894531,44.11000061035156,40.16997146606445,1752100,2021,-0.003163747529520311,IRM
2021-10-07,44.29999923706055,44.5,43.90999984741211,43.959999084472656,40.033363342285156,1579900,2021,-0.00340075232303072,IRM
2021-10-08,43.900001525878906,43.93000030517578,42.59000015258789,42.630001068115234,38.822166442871094,1171000,2021,-0.030254687547941805,IRM
2021-10-11,42.599998474121094,42.869998931884766,42.20000076293945,42.709999084472656,38.895023345947266,1147500,2021,0.0018766830847367633,IRM
2021-10-12,42.81999969482422,43.380001068115234,42.70000076293945,43.279998779296875,39.41410827636719,1310500,2021,0.013345793002950135,IRM
2021-10-13,43.29999923706055,43.29999923706055,42.619998931884766,43.2599983215332,39.39590072631836,1097100,2021,-0.0004619551436039204,IRM
2021-10-14,43.45000076293945,44.849998474121094,43.31999969482422,44.779998779296875,40.78012466430664,1920700,2021,0.035136242920410066,IRM
2021-10-15,44.9900016784668,45.31999969482422,44.720001220703125,44.880001068115234,40.87119674682617,1557900,2021,0.0022332467904209174,IRM
2021-10-18,44.779998779296875,45.29999923706055,44.599998474121094,45.0,40.98047637939453,1194200,2021,0.0026737566126404655,IRM
2021-10-19,45.27000045776367,45.689998626708984,44.90999984741211,44.95000076293945,40.934940338134766,1165800,2021,-0.0011111642734017435,IRM
2021-10-20,45.04999923706055,45.779998779296875,45.04999923706055,45.540000915527344,41.47224044799805,1175400,2021,0.013125708879138998,IRM
2021-10-21,45.47999954223633,45.779998779296875,45.04999923706055,45.75,41.66348648071289,976400,2021,0.004611422740824489,IRM
2021-10-22,45.9900016784668,46.349998474121094,45.43000030517578,46.0,41.891151428222656,907200,2021,0.005464375805782851,IRM
2021-10-25,46.0,46.31999969482422,45.72999954223633,45.9900016784668,41.88204574584961,1132000,2021,-0.00021736529225391266,IRM
2021-10-26,46.02000045776367,46.43000030517578,45.66999816894531,46.2400016784668,42.10971450805664,1379000,2021,0.005435951328370603,IRM
2021-10-27,46.41999816894531,46.65999984741211,45.58000183105469,45.65999984741211,41.581520080566406,1049300,2021,-0.012543291581546545,IRM
2021-10-28,45.72999954223633,46.7400016784668,45.650001525878906,46.41999816894531,42.27363586425781,1121500,2021,0.016644792743276238,IRM
2021-10-29,46.380001068115234,46.56999969482422,45.34000015258789,45.63999938964844,41.56330490112305,1943700,2021,-0.0168031670002472,IRM
2021-11-01,45.68000030517578,46.09000015258789,44.7400016784668,45.93000030517578,41.82740020751953,1291000,2021,0.006354049732685052,IRM
2021-11-02,46.0,47.08000183105469,45.43000030517578,46.68000030517578,42.51041030883789,2045300,2021,0.016329250633071224,IRM
2021-11-03,46.810001373291016,48.43000030517578,46.709999084472656,48.22999954223633,43.92196273803711,2568000,2021,0.0332048648541452,IRM
2021-11-04,48.5,49.400001525878906,45.63999938964844,46.220001220703125,42.09149932861328,4166000,2021,-0.04167535545579382,IRM
2021-11-05,46.58000183105469,47.88999938964844,46.560001373291016,47.650001525878906,43.39377212524414,1819400,2021,0.030939092629223452,IRM
2021-11-08,48.0,48.04999923706055,46.790000915527344,47.099998474121094,42.89289855957031,2292800,2021,-0.011542521913702197,IRM
2021-11-09,46.95000076293945,47.66999816894531,46.38999938964844,47.58000183105469,43.33002471923828,1294800,2021,0.010191107953706702,IRM
2021-11-10,47.5,48.060001373291016,47.380001068115234,47.40999984741211,43.17520523071289,1187500,2021,-0.003573030237775332,IRM
2021-11-11,47.369998931884766,48.099998474121094,47.2599983215332,47.869998931884766,43.5941162109375,726300,2021,0.009702582257249182,IRM
2021-11-12,47.939998626708984,47.97999954223633,47.349998474121094,47.54999923706055,43.30270004272461,694300,2021,-0.006684759172610022,IRM
2021-11-15,47.81999969482422,49.0,47.689998626708984,48.959999084472656,44.58675765991211,1750300,2021,0.029653061262244318,IRM
2021-11-16,48.79999923706055,48.83000183105469,47.619998931884766,47.68000030517578,43.42108917236328,1464400,2021,-0.026143827197304348,IRM
2021-11-17,47.529998779296875,47.77000045776367,46.40999984741211,47.15999984741211,42.94753646850586,1716200,2021,-0.010906053092717638,IRM
2021-11-18,47.34000015258789,47.70000076293945,46.93000030517578,47.40999984741211,43.17520523071289,1433100,2021,0.0053010901422478884,IRM
2021-11-19,47.41999816894531,47.779998779296875,46.45000076293945,46.61000061035156,42.4466667175293,1430600,2021,-0.01687400231893621,IRM
2021-11-22,46.61000061035156,47.279998779296875,46.40999984741211,46.75,42.57415771484375,1774100,2021,0.0030035573385036596,IRM
2021-11-23,46.869998931884766,47.0,46.209999084472656,46.849998474121094,42.665225982666016,1241200,2021,0.0021390503702323205,IRM
2021-11-24,46.84000015258789,47.54999923706055,46.72999954223633,47.470001220703125,43.2298469543457,798200,2021,0.01323375087498846,IRM
2021-11-26,46.849998474121094,47.36000061035156,46.459999084472656,46.689998626708984,42.5195198059082,726600,2021,-0.016431405579290237,IRM
2021-11-29,46.97999954223633,47.38999938964844,46.63999938964844,46.86000061035156,42.67433547973633,1387000,2021,0.0036410494411700522,IRM
2021-11-30,46.619998931884766,47.130001068115234,45.31999969482422,45.439998626708984,41.381168365478516,4054900,2021,-0.030303157617342813,IRM
2021-12-01,45.959999084472656,47.349998474121094,45.099998474121094,45.130001068115234,41.09886932373047,2409300,2021,-0.006821920523238489,IRM
2021-12-02,45.279998779296875,47.470001220703125,45.279998779296875,47.029998779296875,42.82914733886719,2229800,2021,0.04210037997657645,IRM
2021-12-03,47.18000030517578,47.349998474121094,46.310001373291016,47.09000015258789,42.8837890625,1462400,2021,0.001275806945220781,IRM
2021-12-06,47.709999084472656,47.77000045776367,46.97999954223633,47.130001068115234,42.92021942138672,1441500,2021,0.0008495135267461151,IRM
2021-12-07,47.439998626708984,48.130001068115234,46.849998474121094,48.060001373291016,43.76715087890625,1472000,2021,0.01973269169955616,IRM
2021-12-08,48.11000061035156,48.34000015258789,47.79999923706055,47.90999984741211,43.63053894042969,1103500,2021,-0.003121334967737255,IRM
2021-12-09,47.900001525878906,48.060001373291016,47.060001373291016,47.279998779296875,43.05681610107422,1274100,2021,-0.01314957030759567,IRM
2021-12-10,48.0,48.529998779296875,47.47999954223633,48.41999816894531,44.09498977661133,1501200,2021,0.024111714928015893,IRM
2021-12-13,48.5,49.75,48.38999938964844,49.560001373291016,45.13315963745117,2308100,2021,0.023543941524860168,IRM
2021-12-14,49.0099983215332,49.400001525878906,47.43000030517578,48.29999923706055,44.54203414916992,2576900,2021,-0.013097365507526715,IRM
2021-12-15,48.40999984741211,49.689998626708984,48.04999923706055,49.529998779296875,45.67633819580078,2466800,2021,0.025465923779594668,IRM
2021-12-16,49.70000076293945,50.810001373291016,49.52000045776367,50.70000076293945,46.75530242919922,2917900,2021,0.023621951233770977,IRM
2021-12-17,50.63999938964844,51.779998779296875,50.22999954223633,51.25,47.26251220703125,4001700,2021,0.010848176602003434,IRM
2021-12-20,50.459999084472656,51.060001373291016,49.619998931884766,50.95000076293945,46.98585891723633,2002000,2021,-0.005853546010907262,IRM
2021-12-21,51.04999923706055,51.72999954223633,50.939998626708984,51.5099983215332,47.50228500366211,3188800,2021,0.010991096009023593,IRM
2021-12-22,51.58000183105469,51.880001068115234,51.040000915527344,51.630001068115234,47.612945556640625,2041600,2021,0.0023295837867585156,IRM
2021-12-23,51.95000076293945,52.040000915527344,50.91999816894531,51.29999923706055,47.308624267578125,1200500,2021,-0.006391566106752955,IRM
2021-12-27,51.25,52.5,51.15999984741211,52.4900016784668,48.406036376953125,2029700,2021,0.02319687216368882,IRM
2021-12-28,52.290000915527344,52.849998474121094,51.95000076293945,52.77000045776367,48.66424560546875,830400,2021,0.005334236137511272,IRM
2021-12-29,53.0,53.0,52.400001525878906,52.7599983215332,48.655025482177734,931300,2021,-0.00018946401359565268,IRM
2021-12-30,52.86000061035156,52.97999954223633,52.209999084472656,52.540000915527344,48.4521484375,1366900,2021,-0.004169703800731672,IRM
2021-12-31,52.58000183105469,53.13999938964844,52.310001373291016,52.33000183105469,48.25848388671875,1216000,2021,-0.003997027108737283,IRM
2022-01-03,52.470001220703125,52.5,50.40999984741211,51.31999969482422,47.327064514160156,2274700,2022,-0.01930063478050814,IRM
2022-01-04,51.459999084472656,51.959999084472656,50.70000076293945,50.75,46.801414489746094,2050500,2022,-0.011106753182564044,IRM
2022-01-05,50.5,50.63999938964844,48.349998474121094,48.5,44.726470947265625,3041900,2022,-0.04433506049128233,IRM
2022-01-06,48.599998474121094,48.599998474121094,46.56999969482422,46.77000045776367,43.13107681274414,4013100,2022,-0.035670020476297415,IRM
2022-01-07,46.70000076293945,47.099998474121094,46.5099983215332,46.790000915527344,43.1495246887207,3016600,2022,0.00042771656401385805,IRM
2022-01-10,46.709999084472656,46.93000030517578,45.630001068115234,46.68000030517578,43.04808044433594,4167800,2022,-0.0023509933218635037,IRM
2022-01-11,46.7400016784668,46.86000061035156,45.75,46.380001068115234,42.771419525146484,2899600,2022,-0.006426788751874635,IRM
2022-01-12,46.380001068115234,47.16999816894531,46.290000915527344,46.7599983215332,43.12185287475586,2084500,2022,0.008193166219403691,IRM
2022-01-13,46.83000183105469,47.349998474121094,45.540000915527344,45.70000076293945,42.14432907104492,2587300,2022,-0.02266887293897324,IRM
2022-01-14,45.34000015258789,45.40999984741211,44.119998931884766,44.77000045776367,41.28668975830078,2834600,2022,-0.02035005258473499,IRM
2022-01-18,44.38999938964844,44.52000045776367,43.720001220703125,44.09000015258789,40.65959167480469,2629200,2022,-0.015188868062981808,IRM
2022-01-19,44.33000183105469,44.689998626708984,43.209999084472656,43.2400016784668,39.875732421875,2362600,2022,-0.019278581526322003,IRM
2022-01-20,43.15999984741211,43.66999816894531,42.54999923706055,42.59000015258789,39.27629852294922,2076700,2022,-0.015032548934372558,IRM
2022-01-21,42.709999084472656,43.9900016784668,42.540000915527344,43.349998474121094,39.977169036865234,3470600,2022,0.01784461724432851,IRM
2022-01-24,42.880001068115234,44.56999969482422,42.04999923706055,44.369998931884766,40.917808532714844,3290300,2022,0.023529417377758488,IRM
2022-01-25,43.869998931884766,44.369998931884766,43.08000183105469,44.02000045776367,40.59503936767578,2831000,2022,-0.007888231960932135,IRM
2022-01-26,44.36000061035156,45.31999969482422,43.810001373291016,44.279998779296875,40.834808349609375,3234500,2022,0.00590636160645075,IRM
2022-01-27,44.630001068115234,44.91999816894531,43.38999938964844,43.65999984741211,40.26304244995117,1635400,2022,-0.014001924406329969,IRM
2022-01-28,43.68000030517578,45.029998779296875,42.90999984741211,45.0,41.4987907409668,2579300,2022,0.030691875621464026,IRM
2022-01-31,44.7400016784668,46.290000915527344,44.68000030517578,45.91999816894531,42.347206115722656,9852700,2022,0.020444339692971436,IRM
2022-02-01,46.0,46.34000015258789,45.61000061035156,46.119998931884766,42.53165054321289,2391800,2022,0.00435552765833469,IRM
2022-02-02,46.349998474121094,46.90999984741211,46.22999954223633,46.63999938964844,43.01118850708008,1785300,2022,0.011274849617697535,IRM
2022-02-03,46.29999923706055,46.4900016784668,45.72999954223633,45.88999938964844,42.319549560546875,1571200,2022,-0.016080442567155573,IRM
2022-02-04,45.59000015258789,46.25,45.189998626708984,45.63999938964844,42.08899688720703,1569200,2022,-0.005447899983197835,IRM
2022-02-07,45.599998474121094,45.849998474121094,45.130001068115234,45.27000045776367,41.74778747558594,1209300,2022,-0.008106855398228863,IRM
2022-02-08,45.20000076293945,45.22999954223633,44.27000045776367,44.75,41.26824188232422,1951200,2022,-0.011486730728955563,IRM
2022-02-09,45.310001373291016,46.09000015258789,45.310001373291016,46.06999969482422,42.48554229736328,1734100,2022,0.029497268589977255,IRM
2022-02-10,45.4900016784668,46.0099983215332,44.63999938964844,44.77000045776367,41.28668975830078,1380300,2022,-0.028217894234973784,IRM
2022-02-11,44.77000045776367,45.18000030517578,44.08000183105469,44.43000030517578,40.973140716552734,1570300,2022,-0.00759443403149096,IRM
2022-02-14,44.290000915527344,44.540000915527344,43.4900016784668,43.650001525878906,40.25382995605469,1467600,2022,-0.017555665685336508,IRM
2022-02-15,44.2599983215332,44.52000045776367,43.54999923706055,43.75,40.346046447753906,1443300,2022,0.0022908749751238133,IRM
2022-02-16,43.779998779296875,44.290000915527344,43.66999816894531,44.0099983215332,40.585811614990234,1551600,2022,0.005942717771536987,IRM
2022-02-17,43.90999984741211,44.06999969482422,43.470001220703125,43.56999969482422,40.18004608154297,1049500,2022,-0.009997718840674796,IRM
2022-02-18,43.459999084472656,43.84000015258789,42.959999084472656,43.0099983215332,39.66362380981445,1659800,2022,-0.012852704814734883,IRM
2022-02-22,42.790000915527344,43.290000915527344,42.16999816894531,42.68000030517578,39.35930252075195,2200000,2022,-0.007672553837281937,IRM
2022-02-23,42.84000015258789,43.290000915527344,42.099998474121094,42.2400016784668,38.95353317260742,2109100,2022,-0.010309363280271322,IRM
2022-02-24,41.900001525878906,45.54999923706055,41.66999816894531,45.43000030517578,41.89533615112305,3370400,2022,0.0755208254275721,IRM
2022-02-25,46.470001220703125,48.90999984741211,46.0,48.66999816894531,44.883243560791016,3710800,2022,0.07131837775188421,IRM
2022-02-28,47.83000183105469,49.779998779296875,47.400001525878906,49.18000030517578,45.35356521606445,3937000,2022,0.010478780452585212,IRM
2022-03-01,49.529998779296875,50.150001525878906,49.06999969482422,49.66999816894531,45.80543518066406,2963800,2022,0.009963273282858731,IRM
2022-03-02,49.66999816894531,50.810001373291016,49.209999084472656,50.47999954223633,46.55242156982422,2713600,2022,0.01630781120655045,IRM
2022-03-03,50.7599983215332,51.939998626708984,50.470001220703125,51.72999954223633,47.70515823364258,2169400,2022,0.024762120313964076,IRM
2022-03-04,51.36000061035156,52.220001220703125,50.91999816894531,52.13999938964844,48.0832633972168,2218300,2022,0.007925875892128786,IRM
2022-03-07,52.0,52.18000030517578,50.93000030517578,51.06999969482422,47.096519470214844,2120100,2022,-0.020521567324797485,IRM
2022-03-08,51.0,51.90999984741211,50.560001373291016,50.7400016784668,46.792198181152344,2540200,2022,-0.006461651359501497,IRM
2022-03-09,51.310001373291016,51.970001220703125,51.0,51.09000015258789,47.114959716796875,1482000,2022,0.0068977639048926065,IRM
2022-03-10,50.720001220703125,51.47999954223633,50.27000045776367,51.38999938964844,47.39162063598633,1440200,2022,0.005872039811822605,IRM
2022-03-11,51.619998931884766,51.970001220703125,50.4900016784668,50.529998779296875,46.598533630371094,1649300,2022,-0.016734751734001962,IRM
2022-03-14,49.36000061035156,49.52000045776367,47.22999954223633,48.029998779296875,44.84236145019531,3168200,2022,-0.03768728419881384,IRM
2022-03-15,48.119998931884766,48.90999984741211,47.70000076293945,48.68000030517578,45.44922637939453,2240300,2022,0.013533295517303312,IRM
2022-03-16,49.0,49.43000030517578,47.88999938964844,49.11000061035156,45.85069274902344,2040400,2022,0.008833293800814213,IRM
2022-03-17,49.16999816894531,49.81999969482422,48.90999984741211,49.56999969482422,46.28015899658203,1168100,2022,0.009366625056449918,IRM
2022-03-18,49.2400016784668,49.61000061035156,48.91999816894531,49.470001220703125,46.18680191040039,3483000,2022,-0.002017216193845317,IRM
2022-03-21,49.4900016784668,50.599998474121094,49.4900016784668,50.150001525878906,46.82167053222656,1563400,2022,0.013745671827587902,IRM
2022-03-22,50.400001525878906,51.25,50.0099983215332,50.95000076293945,47.56857681274414,2118400,2022,0.01595214933656619,IRM
2022-03-23,50.9900016784668,52.38999938964844,50.560001373291016,52.150001525878906,48.688934326171875,2689500,2022,0.023552470737942643,IRM
2022-03-24,52.02000045776367,52.88999938964844,51.7400016784668,52.4900016784668,49.006370544433594,1707500,2022,0.006519678909691962,IRM
2022-03-25,52.75,53.38999938964844,52.459999084472656,53.34000015258789,49.79995346069336,1157000,2022,0.0161934643892927,IRM
2022-03-28,53.189998626708984,53.81999969482422,53.04999923706055,53.68000030517578,50.117393493652344,1117800,2022,0.006374303807523463,IRM
2022-03-29,53.97999954223633,55.18000030517578,53.84000015258789,55.119998931884766,51.461814880371094,2492100,2022,0.026825445080040478,IRM
2022-03-30,54.97999954223633,55.4900016784668,54.54999923706055,55.459999084472656,51.77925491333008,1782000,2022,0.006168457791411175,IRM
2022-03-31,55.599998474121094,56.5099983215332,55.150001525878906,55.40999984741211,51.73257827758789,2774800,2022,-0.0009014543724183977,IRM
2022-04-01,55.58000183105469,56.349998474121094,55.06999969482422,56.22999954223633,52.4981575012207,1889600,2022,0.014798783457589337,IRM
2022-04-04,56.22999954223633,56.25,55.27000045776367,55.83000183105469,52.12470245361328,1406800,2022,-0.007113679134334139,IRM
2022-04-05,55.720001220703125,56.369998931884766,55.18000030517578,55.27000045776367,51.601863861083984,1514400,2022,-0.010030533852823043,IRM
2022-04-06,55.02000045776367,56.20000076293945,54.619998931884766,56.16999816894531,52.44213104248047,1679700,2022,0.01628365951389954,IRM
2022-04-07,55.77000045776367,56.43000030517578,55.41999816894531,55.650001525878906,51.95664596557617,1468100,2022,-0.009257539067415665,IRM
2022-04-08,55.70000076293945,56.279998779296875,55.16999816894531,55.93000030517578,52.21805953979492,1259200,2022,0.0050313789383547025,IRM
2022-04-11,55.880001068115234,56.150001525878906,54.93000030517578,55.529998779296875,51.844608306884766,1068800,2022,-0.007151763895507313,IRM
2022-04-12,55.61000061035156,56.81999969482422,55.560001373291016,55.95000076293945,52.23673629760742,1817600,2022,0.007563524993795312,IRM
2022-04-13,56.220001220703125,56.68000030517578,55.7400016784668,55.95000076293945,52.23673629760742,1287000,2022,0.0,IRM
2022-04-14,56.11000061035156,56.29999923706055,55.38999938964844,55.41999816894531,51.74190902709961,1242300,2022,-0.009472783056135858,IRM
2022-04-18,55.41999816894531,56.369998931884766,55.41999816894531,56.06999969482422,52.34877014160156,856600,2022,0.011728618559166737,IRM
2022-04-19,56.25,56.91999816894531,56.16999816894531,56.459999084472656,52.712890625,1133700,2022,0.006955664524944893,IRM
2022-04-20,56.63999938964844,57.959999084472656,56.560001373291016,57.720001220703125,53.88926696777344,1231400,2022,0.02231667299640594,IRM
2022-04-21,58.0,58.61000061035156,57.5,57.58000183105469,53.7585563659668,1001800,2022,-0.002425540541956317,IRM
2022-04-22,57.56999969482422,57.66999816894531,56.619998931884766,56.68000030517578,52.91828918457031,953400,2022,-0.015630389619771035,IRM
2022-04-25,56.25,56.400001525878906,54.779998779296875,55.720001220703125,52.02200698852539,1674500,2022,-0.0169370969820819,IRM
2022-04-26,55.7599983215332,56.16999816894531,54.61000061035156,54.63999938964844,51.01367950439453,1749500,2022,-0.01938271017404747,IRM
2022-04-27,54.88999938964844,55.27000045776367,54.279998779296875,54.41999816894531,50.80827331542969,1787300,2022,-0.004026492324419539,IRM
2022-04-28,55.09000015258789,55.95000076293945,54.540000915527344,55.709999084472656,52.01266098022461,1177900,2022,0.023704558061200087,IRM
2022-04-29,55.65999984741211,55.81999969482422,53.59000015258789,53.72999954223633,50.1640739440918,1864800,2022,-0.03554109713470821,IRM
2022-05-02,53.630001068115234,53.83000183105469,49.310001373291016,50.70000076293945,47.335166931152344,2685300,2022,-0.05639308753296812,IRM
2022-05-03,51.18000030517578,52.97999954223633,51.0,52.56999969482422,49.081058502197266,1711700,2022,0.03688360439468341,IRM
2022-05-04,52.61000061035156,54.650001525878906,52.36000061035156,54.63999938964844,51.01367950439453,1913800,2022,0.039376106815437684,IRM
2022-05-05,54.290000915527344,54.880001068115234,53.65999984741211,54.58000183105469,50.957664489746094,3057600,2022,-0.001098039098387571,IRM
2022-05-06,53.880001068115234,54.40999984741211,53.16999816894531,54.2400016784668,50.640228271484375,1600500,2022,-0.006229410657656698,IRM
2022-05-09,53.4900016784668,53.86000061035156,52.83000183105469,53.0099983215332,49.49185562133789,1923900,2022,-0.02267708281230507,IRM
2022-05-10,53.31999969482422,53.84000015258789,50.97999954223633,51.5,48.08207321166992,2039500,2022,-0.02848513946323228,IRM
2022-05-11,51.560001373291016,51.90999984741211,50.4900016784668,50.54999923706055,47.19511795043945,1855200,2022,-0.018446693372098588,IRM
2022-05-12,50.54999923706055,51.90999984741211,50.279998779296875,51.900001525878906,48.455528259277344,1484600,2022,0.026706370564884896,IRM
2022-05-13,51.90999984741211,52.43000030517578,51.45000076293945,52.33000183105469,48.85698318481445,1457200,2022,0.00828501803527959,IRM
2022-05-16,52.47999954223633,53.380001068115234,52.22999954223633,53.029998779296875,49.510528564453125,1204300,2022,0.013376703534200285,IRM
2022-05-17,53.599998474121094,53.83000183105469,52.689998626708984,53.5099983215332,49.95867156982422,1318600,2022,0.009051468816126729,IRM
2022-05-18,53.18000030517578,53.369998931884766,50.7400016784668,51.02000045776367,47.63393020629883,1635000,2022,-0.046533290227227964,IRM
2022-05-19,50.5,50.90999984741211,48.619998931884766,48.630001068115234,45.40254592895508,2874200,2022,-0.04684442933177668,IRM
2022-05-20,49.459999084472656,50.18000030517578,48.380001068115234,49.4900016784668,46.20547103881836,3043100,2022,0.017684583395822795,IRM
2022-05-23,50.0,51.0099983215332,49.5099983215332,50.97999954223633,47.59658432006836,1415800,2022,0.030107111776466633,IRM
2022-05-24,50.66999816894531,51.38999938964844,49.93000030517578,51.290000915527344,47.886009216308594,1423200,2022,0.006080791308341826,IRM
2022-05-25,51.0,51.63999938964844,50.7599983215332,51.34000015258789,47.93268966674805,985700,2022,0.0009748244049445631,IRM
2022-05-26,51.369998931884766,52.22999954223633,51.08000183105469,51.959999084472656,48.511539459228516,1320200,2022,0.012076305262753273,IRM
2022-05-27,52.380001068115234,54.970001220703125,52.16999816894531,54.939998626708984,51.29376983642578,1644300,2022,0.057351929215430975,IRM
2022-05-31,54.400001525878906,54.70000076293945,52.97999954223633,53.900001525878906,50.322792053222656,3855700,2022,-0.0189297411030529,IRM
2022-06-01,53.97999954223633,54.220001220703125,52.650001525878906,53.41999816894531,49.87464141845703,1028000,2022,-0.008905520073124062,IRM
2022-06-02,53.06999969482422,53.810001373291016,52.54999923706055,53.79999923706055,50.22942352294922,1046000,2022,0.007113476797066198,IRM
2022-06-03,53.47999954223633,54.41999816894531,52.95000076293945,53.56999969482422,50.01469039916992,1577000,2022,-0.004275046550776929,IRM
2022-06-06,54.06999969482422,54.220001220703125,52.9900016784668,53.09000015258789,49.566551208496094,957100,2022,-0.008960151249506998,IRM
2022-06-07,52.880001068115234,54.560001373291016,52.83000183105469,54.4900016784668,50.87363815307617,927100,2022,0.02637034275558059,IRM
2022-06-08,54.209999084472656,54.380001068115234,53.11000061035156,53.220001220703125,49.68791580200195,1238800,2022,-0.02330720573799816,IRM
2022-06-09,53.130001068115234,53.380001068115234,52.27000045776367,52.290000915527344,48.819637298583984,941600,2022,-0.01747464125639553,IRM
2022-06-10,51.689998626708984,52.279998779296875,51.0099983215332,51.040000915527344,47.65260314941406,1400500,2022,-0.023905014738890173,IRM
2022-06-13,50.0,50.31999969482422,48.09000015258789,48.369998931884766,45.1598014831543,1685000,2022,-0.05231197251582709,IRM
2022-06-14,47.869998931884766,47.900001525878906,46.61000061035156,47.279998779296875,44.71436309814453,2176100,2022,-0.009863603700205004,IRM
2022-06-15,47.790000915527344,48.56999969482422,46.849998474121094,47.970001220703125,45.366920471191406,1745900,2022,0.014593909603823674,IRM
2022-06-16,46.970001220703125,47.04999923706055,45.849998474121094,46.11000061035156,43.607852935791016,1371300,2022,-0.03877423279187353,IRM
2022-06-17,46.439998626708984,47.02000045776367,45.91999816894531,46.220001220703125,43.711883544921875,2614400,2022,0.002385593468314795,IRM
2022-06-21,46.65999984741211,47.599998474121094,46.27000045776367,47.189998626708984,44.62924575805664,1446000,2022,0.020986563349346676,IRM
2022-06-22,46.61000061035156,48.66999816894531,46.59000015258789,48.150001525878906,45.53715133666992,1574500,2022,0.020343287527985643,IRM
2022-06-23,48.16999816894531,48.65999984741211,47.40999984741211,47.95000076293945,45.34800338745117,1517300,2022,-0.004153706230333176,IRM
2022-06-24,48.709999084472656,49.88999938964844,48.599998474121094,49.459999084472656,46.77606201171875,2310600,2022,0.03149110253137977,IRM
2022-06-27,49.470001220703125,50.529998779296875,49.29999923706055,50.310001373291016,47.57993698120117,1450400,2022,0.017185605946927085,IRM
2022-06-28,50.58000183105469,50.75,49.09000015258789,49.15999984741211,46.492340087890625,980500,2022,-0.02285830882332307,IRM
2022-06-29,48.849998474121094,49.150001525878906,47.9900016784668,48.18000030517578,45.56551742553711,1644800,2022,-0.019934954029016794,IRM
2022-06-30,47.93000030517578,49.38999938964844,47.5,48.689998626708984,46.047847747802734,1549700,2022,0.010585424011783529,IRM
2022-07-01,48.66999816894531,49.58000183105469,48.61000061035156,49.33000183105469,46.65312194824219,1263400,2022,0.013144462337402851,IRM
2022-07-05,48.77000045776367,48.88999938964844,47.45000076293945,48.77000045776367,46.12350845336914,944300,2022,-0.01135215549905988,IRM
2022-07-06,48.970001220703125,49.66999816894531,48.349998474121094,48.779998779296875,46.13296127319336,1130200,2022,0.00020494581052465932,IRM
2022-07-07,49.06999969482422,49.810001373291016,48.93000030517578,49.0,46.34102249145508,1275300,2022,0.004510033878588615,IRM
2022-07-08,49.0,49.27000045776367,48.560001373291016,48.70000076293945,46.057308197021484,989700,2022,-0.006122314078976343,IRM
2022-07-11,48.5,48.689998626708984,47.97999954223633,48.04999923706055,45.44257736206055,1062100,2022,-0.01334708559890807,IRM
2022-07-12,47.81999969482422,48.349998474121094,47.2400016784668,47.65999984741211,45.0737419128418,1162400,2022,-0.008116516945772645,IRM
2022-07-13,47.060001373291016,47.650001525878906,46.88999938964844,47.16999816894531,44.61032485961914,1227100,2022,-0.010281308663451005,IRM
2022-07-14,46.15999984741211,46.599998474121094,44.63999938964844,44.709999084472656,42.283817291259766,4511600,2022,-0.0521517737357996,IRM
2022-07-15,45.439998626708984,45.5099983215332,44.529998779296875,44.84000015258789,42.40676498413086,2306800,2022,0.002907677233211947,IRM
2022-07-18,45.310001373291016,46.11000061035156,45.06999969482422,45.36000061035156,42.8985481262207,1837100,2022,0.011596808723180807,IRM
2022-07-19,45.79999923706055,46.540000915527344,45.439998626708984,46.41999816894531,43.90102767944336,1515800,2022,0.023368612622344465,IRM
2022-07-20,46.279998779296875,47.16999816894531,46.189998626708984,46.349998474121094,43.83482360839844,3548800,2022,-0.0015080300973437932,IRM
2022-07-21,46.470001220703125,47.43000030517578,46.099998474121094,47.2599983215332,44.6954460144043,1578600,2022,0.019633303733449292,IRM
2022-07-22,47.650001525878906,47.81999969482422,47.0,47.369998931884766,44.799476623535156,1360000,2022,0.0023275438195053955,IRM
2022-07-25,47.380001068115234,47.689998626708984,46.81999969482422,47.02000045776367,44.46847152709961,1574500,2022,-0.007388592934178484,IRM
2022-07-26,47.0,47.279998779296875,46.650001525878906,46.81999969482422,44.279319763183594,2039000,2022,-0.00425361514395084,IRM
2022-07-27,46.95000076293945,47.22999954223633,46.5099983215332,47.04999923706055,44.49684143066406,1439600,2022,0.004912488914550428,IRM
2022-07-28,47.20000076293945,48.09000015258789,46.91999816894531,48.0,45.395294189453125,2495900,2022,0.020191382801609592,IRM
2022-07-29,48.119998931884766,48.70000076293945,48.040000915527344,48.4900016784668,45.858699798583984,5013800,2022,0.010208230112946914,IRM
2022-08-01,48.18000030517578,48.970001220703125,47.79999923706055,48.83000183105469,46.18025588989258,2271400,2022,0.007011888534147248,IRM
2022-08-02,48.70000076293945,48.97999954223633,48.25,48.369998931884766,45.74521255493164,1626900,2022,-0.009420548383235694,IRM
2022-08-03,48.290000915527344,48.93000030517578,47.91999816894531,48.36000061035156,45.735755920410156,1974400,2022,-0.0002067240262602077,IRM
2022-08-04,48.619998931884766,49.189998626708984,47.9900016784668,48.939998626708984,46.284278869628906,2007000,2022,0.011993306728619313,IRM
2022-08-05,48.7599983215332,52.36000061035156,48.7599983215332,52.29999923706055,49.461952209472656,2063200,2022,0.06865556550625862,IRM
2022-08-08,52.72999954223633,54.56999969482422,52.689998626708984,53.9900016784668,51.060245513916016,2368100,2022,0.03231359121602284,IRM
2022-08-09,54.0,54.040000915527344,53.06999969482422,53.310001373291016,50.417144775390625,1408100,2022,-0.012594940193738746,IRM
2022-08-10,54.0,54.4900016784668,53.7599983215332,54.130001068115234,51.192649841308594,920600,2022,0.01538177279520414,IRM
2022-08-11,54.40999984741211,54.63999938964844,53.470001220703125,53.59000015258789,50.681949615478516,975200,2022,-0.009976045924819155,IRM
2022-08-12,53.650001525878906,54.150001525878906,53.369998931884766,54.029998779296875,51.09807205200195,793700,2022,0.008210466244501946,IRM
2022-08-15,53.7400016784668,54.619998931884766,53.150001525878906,54.529998779296875,51.57094192504883,1010500,2022,0.009254162712159397,IRM
2022-08-16,54.209999084472656,54.630001068115234,53.970001220703125,54.13999938964844,51.20209884643555,1053000,2022,-0.007152149346997483,IRM
2022-08-17,53.599998474121094,55.34000015258789,53.560001373291016,54.939998626708984,51.95869445800781,1062600,2022,0.01477665229781766,IRM
2022-08-18,55.06999969482422,55.189998626708984,54.36000061035156,55.04999923706055,52.062721252441406,1081700,2022,0.0020021056248376023,IRM
2022-08-19,54.790000915527344,55.470001220703125,54.59000015258789,54.880001068115234,51.90194320678711,960800,2022,-0.0030881606221603297,IRM
2022-08-22,54.33000183105469,54.369998931884766,53.5,53.619998931884766,50.710323333740234,887400,2022,-0.022959060864045866,IRM
2022-08-23,53.599998474121094,53.810001373291016,53.0099983215332,53.22999954223633,50.34148406982422,1130100,2022,-0.00727345517969924,IRM
2022-08-24,53.56999969482422,54.779998779296875,53.56999969482422,54.45000076293945,51.49528503417969,1227400,2022,0.02291948649656672,IRM
2022-08-25,54.86000061035156,55.400001525878906,54.45000076293945,55.369998931884766,52.3653564453125,996100,2022,0.016896137395012056,IRM
2022-08-26,55.45000076293945,55.599998474121094,54.20000076293945,54.27000045776367,51.32504653930664,1335400,2022,-0.019866376868689972,IRM
2022-08-29,53.79999923706055,54.47999954223633,53.5099983215332,54.0099983215332,51.079158782958984,1175100,2022,-0.004790794610567861,IRM
2022-08-30,53.97999954223633,54.08000183105469,52.77000045776367,52.97999954223633,50.10505294799805,1749800,2022,-0.019070514436230646,IRM
2022-08-31,53.279998779296875,53.36000061035156,52.119998931884766,52.61000061035156,49.755126953125,2210700,2022,-0.0069838464243560106,IRM
2022-09-01,52.150001525878906,53.31999969482422,52.060001373291016,53.27000045776367,50.37931823730469,1481700,2022,0.012545265631976887,IRM
2022-09-02,53.72999954223633,54.060001373291016,52.0099983215332,52.130001068115234,49.301177978515625,1768200,2022,-0.021400453529574093,IRM
2022-09-06,52.220001220703125,52.22999954223633,50.97999954223633,51.72999954223633,48.922882080078125,2044200,2022,-0.007673161452701027,IRM
2022-09-07,51.939998626708984,52.790000915527344,51.779998779296875,52.75,49.887535095214844,1034500,2022,0.019717828838410556,IRM
2022-09-08,52.400001525878906,52.900001525878906,52.029998779296875,52.79999923706055,49.934818267822266,1503000,2022,0.0009477953263712369,IRM
2022-09-09,53.36000061035156,55.459999084472656,53.220001220703125,55.22999954223633,52.23295593261719,2067300,2022,0.04602275014738222,IRM
2022-09-12,55.650001525878906,56.66999816894531,55.34000015258789,56.540000915527344,53.47187042236328,2024400,2022,0.02371901929778497,IRM
2022-09-13,55.4900016784668,55.65999984741211,54.540000915527344,54.790000915527344,51.81683349609375,1727400,2022,-0.03095154355358687,IRM
2022-09-14,53.81999969482422,54.84000015258789,53.619998931884766,54.279998779296875,51.92109680175781,1725900,2022,0.0020121512379160933,IRM
2022-09-15,54.43000030517578,54.709999084472656,53.22999954223633,53.5,51.174991607666016,1763600,2022,-0.014369981376559426,IRM
2022-09-16,53.33000183105469,55.470001220703125,53.11000061035156,55.290000915527344,52.88719940185547,5749300,2022,0.03345790083007971,IRM
2022-09-19,54.45000076293945,56.189998626708984,54.13999938964844,56.18000030517578,53.738525390625,2807500,2022,0.01609701399200314,IRM
2022-09-20,55.40999984741211,55.58000183105469,50.58000183105469,50.650001525878906,48.448848724365234,4273900,2022,-0.09843360285398861,IRM
2022-09-21,51.0099983215332,52.689998626708984,50.119998931884766,50.150001525878906,47.9705810546875,2164100,2022,-0.0098716003015612,IRM
2022-09-22,49.849998474121094,49.849998474121094,47.88999938964844,47.939998626708984,45.85662078857422,2683600,2022,-0.044067847827469975,IRM
2022-09-23,47.279998779296875,47.5099983215332,46.150001525878906,46.599998474121094,44.57485580444336,2021500,2022,-0.02795157955577543,IRM
2022-09-26,46.2400016784668,46.29999923706055,44.470001220703125,44.72999954223633,42.7861213684082,2487600,2022,-0.04012877672297144,IRM
2022-09-27,45.22999954223633,45.40999984741211,43.439998626708984,43.59000015258789,41.69566345214844,2436900,2022,-0.02548625305085317,IRM
2022-09-28,44.09000015258789,45.220001220703125,43.529998779296875,44.90999984741211,42.95829772949219,1573400,2022,0.030282148617033045,IRM
2022-09-29,44.400001525878906,44.43000030517578,43.33000183105469,43.810001373291016,41.906105041503906,1541900,2022,-0.02449335154325538,IRM
2022-09-30,44.599998474121094,44.86000061035156,43.880001068115234,43.970001220703125,42.05915069580078,1509700,2022,0.0036521087833216725,IRM
2022-10-03,44.70000076293945,45.959999084472656,43.88999938964844,45.63999938964844,43.65657424926758,1888900,2022,0.03798040443137829,IRM
2022-10-04,46.20000076293945,48.02000045776367,46.0099983215332,47.58000183105469,45.51226806640625,2082000,2022,0.042506629277486274,IRM
2022-10-05,46.72999954223633,47.41999816894531,45.65999984741211,47.04999923706055,45.00529861450195,1265900,2022,-0.011139182322546182,IRM
2022-10-06,46.939998626708984,47.380001068115234,45.880001068115234,46.0,44.00093078613281,1314600,2022,-0.022316657355663128,IRM
2022-10-07,45.529998779296875,46.650001525878906,45.36000061035156,45.650001525878906,43.6661376953125,1861500,2022,-0.007608772924545204,IRM
2022-10-10,45.81999969482422,46.15999984741211,44.79999923706055,45.08000183105469,43.120914459228516,934200,2022,-0.012486179562945732,IRM
2022-10-11,45.040000915527344,46.11000061035156,44.470001220703125,46.0099983215332,44.01049041748047,1407100,2022,0.020629802716569445,IRM
2022-10-12,45.939998626708984,45.959999084472656,45.08000183105469,45.38999938964844,43.41743850708008,894900,2022,-0.013475239761582825,IRM
2022-10-13,44.400001525878906,46.04999923706055,44.220001220703125,45.779998779296875,43.790489196777344,1193600,2022,0.008592185594652912,IRM
2022-10-14,46.529998779296875,46.61000061035156,44.11000061035156,44.13999938964844,42.22175979614258,1139700,2022,-0.03582351851758292,IRM
2022-10-17,45.040000915527344,46.09000015258789,45.040000915527344,45.560001373291016,43.58005142211914,1478600,2022,0.0321704171624948,IRM
2022-10-18,46.63999938964844,47.68000030517578,46.52000045776367,47.130001068115234,45.08182144165039,1373100,2022,0.034460033215312436,IRM
2022-10-19,46.630001068115234,46.970001220703125,45.38999938964844,46.2400016784668,44.23050308227539,1074600,2022,-0.01888385012297844,IRM
2022-10-20,46.400001525878906,47.540000915527344,46.18000030517578,46.29999923706055,44.28789138793945,1134100,2022,0.0012974825440559279,IRM
2022-10-21,46.43000030517578,47.34000015258789,45.720001220703125,47.06999969482422,45.02442932128906,1164600,2022,0.016630684150164443,IRM
2022-10-24,47.47999954223633,48.040000915527344,47.029998779296875,47.689998626708984,45.61748123168945,1029800,2022,0.013171780727490034,IRM
2022-10-25,47.9900016784668,49.720001220703125,47.90999984741211,49.5099983215332,47.35839080810547,1466700,2022,0.03816321132624578,IRM
2022-10-26,49.369998931884766,49.709999084472656,48.709999084472656,49.310001373291016,47.167083740234375,1362600,2022,-0.004039560141438581,IRM
2022-10-27,49.7599983215332,50.36000061035156,49.47999954223633,49.880001068115234,47.712310791015625,1283100,2022,0.011559481900216717,IRM
2022-10-28,49.709999084472656,50.5099983215332,49.29999923706055,50.099998474121094,47.922752380371094,1119400,2022,0.004410635030384968,IRM
2022-10-31,49.630001068115234,50.349998474121094,49.2400016784668,50.06999969482422,47.89405822753906,1380300,2022,-0.0005987584478512886,IRM
2022-11-01,50.5099983215332,50.79999923706055,49.939998626708984,50.209999084472656,48.02796936035156,1154600,2022,0.002795986345034862,IRM
2022-11-02,50.189998626708984,50.29999923706055,48.779998779296875,49.18000030517578,47.042728424072266,2095400,2022,-0.020513899492337062,IRM
2022-11-03,48.220001220703125,50.54999923706055,46.61000061035156,49.84000015258789,47.674049377441406,1662400,2022,0.01342016023556325,IRM
2022-11-04,50.2599983215332,50.2599983215332,48.040000915527344,49.40999984741211,47.26273727416992,1655000,2022,-0.008627588984838952,IRM
2022-11-07,49.709999084472656,50.279998779296875,49.310001373291016,49.91999816894531,47.75057601928711,1627100,2022,0.010321847045956067,IRM
2022-11-08,49.91999816894531,51.5099983215332,49.869998931884766,50.5,48.30536651611328,1124700,2022,0.011618508991432464,IRM
2022-11-09,50.18000030517578,50.619998931884766,49.029998779296875,49.16999816894531,47.033164978027344,848000,2022,-0.02633665014551889,IRM
2022-11-10,51.31999969482422,52.90999984741211,51.29999923706055,52.56999969482422,50.2854118347168,1715500,2022,0.06914794822353154,IRM
2022-11-11,52.91999816894531,53.380001068115234,52.04999923706055,52.869998931884766,50.57236862182617,1584300,2022,0.005706561339351657,IRM
2022-11-14,52.5,52.72999954223633,51.27000045776367,51.349998474121094,49.11842727661133,1418900,2022,-0.028749718172926264,IRM
2022-11-15,52.060001373291016,52.7599983215332,51.88999938964844,52.58000183105469,50.294979095458984,1342100,2022,0.02395336911383339,IRM
2022-11-16,52.2599983215332,52.599998474121094,51.209999084472656,51.709999084472656,49.4627799987793,1269100,2022,-0.016546365296229437,IRM
2022-11-17,51.08000183105469,51.45000076293945,50.68000030517578,51.31999969482422,49.08972930908203,924900,2022,-0.007542048580902128,IRM
2022-11-18,52.0,52.54999923706055,51.630001068115234,52.29999923706055,50.02714538574219,929800,2022,0.01909597159841603,IRM
2022-11-21,52.029998779296875,52.689998626708984,51.88999938964844,52.56999969482422,50.2854118347168,1052900,2022,0.0051625262041878894,IRM
2022-11-22,52.790000915527344,52.9900016784668,52.5099983215332,52.959999084472656,50.6584587097168,1032600,2022,0.007418590429887795,IRM
2022-11-23,53.0099983215332,53.52000045776367,52.72999954223633,53.40999984741211,51.088905334472656,657400,2022,0.008497033579770052,IRM
2022-11-25,53.689998626708984,53.95000076293945,53.22999954223633,53.560001373291016,51.232383728027344,535400,2022,0.0028084061033477603,IRM
2022-11-28,53.06999969482422,53.380001068115234,52.900001525878906,53.27000045776367,50.95499038696289,1162300,2022,-0.005414414104505161,IRM
2022-11-29,53.47999954223633,54.0,53.029998779296875,53.86000061035156,51.51934814453125,1658200,2022,0.011075613071114487,IRM
2022-11-30,53.63999938964844,54.619998931884766,53.619998931884766,54.33000183105469,51.96892547607422,2810000,2022,0.00872637849146951,IRM
2022-12-01,54.970001220703125,55.58000183105469,54.290000915527344,54.779998779296875,52.39936447143555,1392300,2022,0.008282622575283005,IRM
2022-12-02,54.130001068115234,55.060001373291016,53.75,55.060001373291016,52.667198181152344,975700,2022,0.005111392331156983,IRM
2022-12-05,54.4900016784668,55.150001525878906,54.33000183105469,54.9900016784668,52.600242614746094,1450600,2022,-0.0012712953929303605,IRM
2022-12-06,55.15999984741211,55.189998626708984,54.209999084472656,54.66999816894531,52.29414749145508,1254800,2022,-0.00581927208079458,IRM
2022-12-07,54.689998626708984,55.43000030517578,54.2599983215332,54.43000030517578,52.0645751953125,1139700,2022,-0.004390018905654602,IRM
2022-12-08,54.439998626708984,55.310001373291016,54.2599983215332,54.61000061035156,52.236751556396484,881600,2022,0.0033069771613056798,IRM
2022-12-09,54.599998474121094,54.9900016784668,54.34000015258789,54.40999984741211,52.045448303222656,1092600,2022,-0.0036622348724593135,IRM
2022-12-12,54.709999084472656,54.900001525878906,54.06999969482422,54.83000183105469,52.44719696044922,1248000,2022,0.007719189099610224,IRM
2022-12-13,56.0,56.619998931884766,54.970001220703125,55.540000915527344,53.1263427734375,2186800,2022,0.012949134602949997,IRM
2022-12-14,55.150001525878906,56.0099983215332,54.75,54.959999084472656,53.164066314697266,1209600,2022,0.0007100722408210913,IRM
2022-12-15,54.2400016784668,54.66999816894531,53.65999984741211,54.31999969482422,52.544979095458984,1367700,2022,-0.011644843258859838,IRM
2022-12-16,53.40999984741211,53.650001525878906,51.02000045776367,51.61000061035156,49.92353439331055,2969100,2022,-0.049889537445357734,IRM
2022-12-19,51.54999923706055,51.970001220703125,49.849998474121094,50.209999084472656,48.569278717041016,1452500,2022,-0.027126598561719506,IRM
2022-12-20,49.77000045776367,50.2599983215332,49.099998474121094,50.11000061035156,48.47254943847656,1231100,2022,-0.0019915732973508904,IRM
2022-12-21,50.630001068115234,51.040000915527344,50.400001525878906,50.709999084472656,49.052940368652344,1092800,2022,0.011973600252085825,IRM
2022-12-22,50.290000915527344,51.0,49.650001525878906,50.68000030517578,49.023921966552734,1429300,2022,-0.0005915731428437487,IRM
2022-12-23,50.65999984741211,50.81999969482422,50.279998779296875,50.630001068115234,48.975555419921875,852500,2022,-0.0009865907232771143,IRM
2022-12-27,50.70000076293945,50.779998779296875,50.06999969482422,50.70000076293945,49.043270111083984,750100,2022,0.0013826222200343796,IRM
2022-12-28,50.709999084472656,50.75,48.9900016784668,49.0,47.39881896972656,1013300,2022,-0.03353061771029353,IRM
2022-12-29,49.4900016784668,50.20000076293945,49.220001220703125,50.130001068115234,48.49189758300781,927200,2022,0.023061304839249175,IRM
2022-12-30,49.88999938964844,50.11000061035156,49.29999923706055,49.849998474121094,48.22104263305664,953100,2022,-0.005585571269664746,IRM
2023-01-03,50.27000045776367,50.68000030517578,49.2400016784668,49.66999816894531,48.04692459106445,1110500,2023,-0.003610831132730974,IRM
2023-01-04,50.130001068115234,51.150001525878906,50.029998779296875,50.880001068115234,49.21738815307617,1579500,2023,0.02436084248833259,IRM
2023-01-05,50.31999969482422,50.459999084472656,48.91999816894531,48.95000076293945,47.3504524230957,1359800,2023,-0.037932442172142866,IRM
2023-01-06,49.66999816894531,50.880001068115234,49.45000076293945,50.689998626708984,49.033592224121094,1369500,2023,0.035546435459282266,IRM
2023-01-09,50.79999923706055,51.099998474121094,50.34000015258789,50.459999084472656,48.81110763549805,1367300,2023,-0.0045373911747301765,IRM
2023-01-10,50.25,50.27000045776367,48.95000076293945,50.15999984741211,48.520912170410156,1785000,2023,-0.005945275146283402,IRM
2023-01-11,50.58000183105469,51.560001373291016,50.5099983215332,51.529998779296875,49.84614562988281,1487300,2023,0.02731262460232209,IRM
2023-01-12,51.7599983215332,52.290000915527344,51.38999938964844,52.150001525878906,50.44588851928711,1072000,2023,0.012031880937344752,IRM
2023-01-13,51.34000015258789,52.75,51.130001068115234,52.630001068115234,50.91020202636719,1212200,2023,0.00920418929488287,IRM
2023-01-17,52.619998931884766,53.2599983215332,52.02000045776367,52.31999969482422,50.61033248901367,1361100,2023,-0.005890165927807667,IRM
2023-01-18,52.52000045776367,53.04999923706055,51.81999969482422,52.06999969482422,50.36850357055664,1427800,2023,-0.004778251921374488,IRM
2023-01-19,51.79999923706055,52.11000061035156,51.08000183105469,51.099998474121094,49.43019485473633,1122400,2023,-0.01862887815410119,IRM
2023-01-20,51.029998779296875,51.849998474121094,50.33000183105469,51.81999969482422,50.12666702270508,1336100,2023,0.014090014615874225,IRM
2023-01-23,51.75,52.38999938964844,51.459999084472656,52.2400016784668,50.5329475402832,983600,2023,0.008105077431022956,IRM
2023-01-24,51.63999938964844,52.380001068115234,51.220001220703125,52.150001525878906,50.44588851928711,939600,2023,-0.001722816998289911,IRM
2023-01-25,51.630001068115234,52.61000061035156,51.31999969482422,52.540000915527344,50.823143005371094,1758000,2023,0.007478399075868225,IRM
2023-01-26,53.0,53.66999816894531,52.72999954223633,53.630001068115234,51.877525329589844,1176600,2023,0.020746106239579065,IRM
2023-01-27,53.63999938964844,55.130001068115234,53.40999984741211,55.06999969482422,53.270469665527344,1681300,2023,0.026850631889007825,IRM
2023-01-30,54.7599983215332,55.119998931884766,54.11000061035156,54.459999084472656,52.68040084838867,2030200,2023,-0.011076846531362983,IRM
2023-01-31,54.599998474121094,55.029998779296875,54.220001220703125,54.58000183105469,52.796485900878906,7025500,2023,0.0022035719284734245,IRM
2023-02-01,54.25,55.68000030517578,53.900001525878906,55.59000015258789,53.77347946166992,1869100,2023,0.01850489751581641,IRM
2023-02-02,56.13999938964844,57.209999084472656,56.029998779296875,56.630001068115234,54.77949523925781,1635200,2023,0.018708400268295566,IRM
2023-02-03,55.86000061035156,55.95000076293945,54.72999954223633,55.529998779296875,53.71543502807617,1524300,2023,-0.019424425262302925,IRM
2023-02-06,55.040000915527344,55.22999954223633,54.650001525878906,54.95000076293945,53.15439224243164,1380100,2023,-0.01044472199380464,IRM
2023-02-07,54.66999816894531,55.060001373291016,53.9900016784668,54.66999816894531,52.88353729248047,975600,2023,-0.005095626880951443,IRM
2023-02-08,54.400001525878906,54.650001525878906,54.04999923706055,54.25,52.477264404296875,1365600,2023,-0.007682407588142981,IRM
2023-02-09,54.58000183105469,54.84000015258789,52.849998474121094,53.040000915527344,51.30680465698242,982500,2023,-0.0223041303810535,IRM
2023-02-10,52.93000030517578,53.45000076293945,52.720001220703125,53.25,51.509944915771484,936000,2023,0.003959323917113622,IRM
2023-02-13,53.279998779296875,53.88999938964844,53.279998779296875,53.7599983215332,52.00327682495117,865500,2023,0.00957741092494624,IRM
2023-02-14,53.52000045776367,53.900001525878906,52.79999923706055,53.189998626708984,51.451900482177734,817000,2023,-0.010602723067421937,IRM
2023-02-15,52.790000915527344,53.310001373291016,52.599998474121094,53.2599983215332,51.519615173339844,709500,2023,0.0013160775506351197,IRM
2023-02-16,52.5,53.43000030517578,52.18000030517578,53.15999984741211,51.422882080078125,952400,2023,-0.0018775973565845483,IRM
2023-02-17,53.09000015258789,53.22999954223633,52.58000183105469,52.599998474121094,50.88117980957031,1816700,2023,-0.010534265070251236,IRM
2023-02-21,51.86000061035156,51.9900016784668,50.650001525878906,50.66999816894531,49.01424789428711,2641800,2023,-0.03669199342999607,IRM
2023-02-22,50.689998626708984,50.93000030517578,50.130001068115234,50.630001068115234,48.975555419921875,2302900,2023,-0.0007894127937795314,IRM
2023-02-23,52.13999938964844,53.79999923706055,51.900001525878906,52.77000045776367,51.04562759399414,3003900,2023,0.042267456822556504,IRM
2023-02-24,52.06999969482422,52.720001220703125,51.459999084472656,52.29999923706055,50.59098815917969,1688700,2023,-0.00890653041687639,IRM
2023-02-27,52.97999954223633,53.2400016784668,52.369998931884766,52.56999969482422,50.85216522216797,1816500,2023,0.00516252147846008,IRM
2023-02-28,52.5,53.16999816894531,52.439998626708984,52.75,51.026283264160156,1736500,2023,0.003424004488923549,IRM
2023-03-01,52.43000030517578,52.81999969482422,52.16999816894531,52.58000183105469,50.861839294433594,1403700,2023,-0.0032227307028270813,IRM
2023-03-02,52.279998779296875,52.90999984741211,51.970001220703125,52.790000915527344,51.06497573852539,1373300,2023,0.003993887104944527,IRM
2023-03-03,53.33000183105469,54.779998779296875,53.150001525878906,54.630001068115234,52.8448486328125,1612300,2023,0.034855061978308344,IRM
2023-03-06,54.7599983215332,55.22999954223633,54.599998474121094,54.880001068115234,53.08667755126953,1309400,2023,0.0045762060960257145,IRM
2023-03-07,54.849998474121094,54.939998626708984,53.599998474121094,53.650001525878906,51.89686965942383,1455200,2023,-0.022412551448461326,IRM
2023-03-08,53.720001220703125,54.150001525878906,53.41999816894531,53.84000015258789,52.08066177368164,776600,2023,0.0035414874820767217,IRM
2023-03-09,54.0,54.099998474121094,52.65999984741211,52.81999969482422,51.093990325927734,1003000,2023,-0.018945063563929443,IRM
2023-03-10,52.650001525878906,52.790000915527344,51.119998931884766,51.33000183105469,49.652679443359375,1225600,2023,-0.02820900997111908,IRM
2023-03-13,50.939998626708984,53.189998626708984,50.630001068115234,52.66999816894531,50.948890686035156,1684000,2023,0.026105564839746798,IRM
2023-03-14,52.54999923706055,53.209999084472656,51.900001525878906,52.2599983215332,51.15346908569336,1778900,2023,0.0040153651414882585,IRM
2023-03-15,51.540000915527344,52.27000045776367,51.2400016784668,52.06999969482422,50.96749496459961,1290800,2023,-0.0036356111211578446,IRM
2023-03-16,51.650001525878906,52.63999938964844,51.34000015258789,52.08000183105469,50.9772834777832,1348500,2023,0.00019205403738986604,IRM
2023-03-17,51.79999923706055,51.970001220703125,50.09000015258789,50.290000915527344,49.22518539428711,3799700,2023,-0.03437017361389394,IRM
2023-03-20,50.349998474121094,51.25,50.029998779296875,51.08000183105469,49.99845504760742,1195000,2023,0.015708821553977348,IRM
2023-03-21,51.36000061035156,51.75,50.58000183105469,51.209999084472656,50.125701904296875,1253100,2023,0.0025450157723532207,IRM
2023-03-22,50.83000183105469,51.59000015258789,50.130001068115234,50.16999816894531,49.10771942138672,1256200,2023,-0.020308593081723836,IRM
2023-03-23,50.43000030517578,50.83000183105469,49.25,49.540000915527344,48.49106216430664,1020100,2023,-0.01255723671035558,IRM
2023-03-24,49.34000015258789,50.459999084472656,48.939998626708984,50.45000076293945,49.38179397583008,1138800,2023,0.018368989495534116,IRM
2023-03-27,50.81999969482422,50.970001220703125,50.099998474121094,50.209999084472656,49.146873474121094,1273700,2023,-0.004757228986536299,IRM
2023-03-28,49.93000030517578,50.63999938964844,49.61000061035156,50.08000183105469,49.019630432128906,918200,2023,-0.0025890363516041237,IRM
2023-03-29,50.65999984741211,50.97999954223633,50.4900016784668,50.970001220703125,49.890785217285156,761500,2023,0.01777154942778325,IRM
2023-03-30,51.7599983215332,52.040000915527344,51.54999923706055,51.790000915527344,50.693424224853516,767700,2023,0.016087920927134958,IRM
2023-03-31,52.0099983215332,52.959999084472656,52.0,52.90999984741211,51.78970718383789,1507100,2023,0.02162574289954744,IRM
2023-04-03,52.7599983215332,53.47999954223633,52.380001068115234,53.0099983215332,51.88758850097656,1368200,2023,0.001889976260943671,IRM
2023-04-04,53.0,53.099998474121094,52.310001373291016,52.59000015258789,51.47648239135742,1267200,2023,-0.007923014375805892,IRM
2023-04-05,52.400001525878906,52.880001068115234,51.54999923706055,51.58000183105469,50.48786926269531,1500400,2023,-0.019205141508039203,IRM
2023-04-06,51.5,52.290000915527344,51.09000015258789,52.290000915527344,51.18283462524414,1154200,2023,0.013764996873463442,IRM
2023-04-10,52.0,52.38999938964844,51.619998931884766,52.369998931884766,51.261138916015625,746000,2023,0.0015298935931318258,IRM
2023-04-11,52.599998474121094,53.790000915527344,52.400001525878906,53.47999954223633,52.34764099121094,1516700,2023,0.021195433776362238,IRM
2023-04-12,54.0,54.33000183105469,53.7400016784668,54.150001525878906,53.00345230102539,1519100,2023,0.01252800121259634,IRM
2023-04-13,54.040000915527344,54.310001373291016,53.54999923706055,53.7599983215332,52.621707916259766,1493600,2023,-0.007202255102131128,IRM
2023-04-14,53.54999923706055,53.81999969482422,52.400001525878906,52.7599983215332,51.64288330078125,1059900,2023,-0.018601156333355462,IRM
2023-04-17,52.79999923706055,53.27000045776367,52.65999984741211,53.189998626708984,52.063777923583984,2232500,2023,0.008150099217956841,IRM
2023-04-18,53.189998626708984,53.27000045776367,52.72999954223633,52.72999954223633,51.61351776123047,1562400,2023,-0.008648242219655655,IRM
2023-04-19,52.400001525878906,53.75,52.04999923706055,53.720001220703125,52.582557678222656,1043800,2023,0.018774924845755825,IRM
2023-04-20,53.54999923706055,53.650001525878906,53.220001220703125,53.58000183105469,52.44552230834961,1044700,2023,-0.0026060993592520454,IRM
2023-04-21,53.83000183105469,54.16999816894531,53.380001068115234,53.90999984741211,52.768531799316406,996900,2023,0.006158952695097364,IRM
2023-04-24,54.18000030517578,54.41999816894531,53.7400016784668,54.36000061035156,53.209007263183594,895900,2023,0.008347313234758014,IRM
2023-04-25,54.25,54.630001068115234,53.93000030517578,54.2599983215332,53.111122131347656,1484600,2023,-0.001839634619600683,IRM
2023-04-26,54.040000915527344,54.47999954223633,53.7400016784668,53.86000061035156,52.7195930480957,944700,2023,-0.007371884975122089,IRM
2023-04-27,54.099998474121094,55.08000183105469,53.939998626708984,54.97999954223633,53.81587600708008,1062000,2023,0.020794602074872603,IRM
2023-04-28,54.97999954223633,55.529998779296875,54.849998474121094,55.2400016784668,54.07037353515625,1050100,2023,0.0047290418173753235,IRM
2023-05-01,55.119998931884766,55.41999816894531,54.88999938964844,55.369998931884766,54.1976203918457,920000,2023,0.002353356345998092,IRM
2023-05-02,55.16999816894531,55.20000076293945,54.0,54.68000030517578,53.52223205566406,1419500,2023,-0.012461586529050939,IRM
2023-05-03,55.0,55.849998474121094,54.58000183105469,55.16999816894531,54.001853942871094,1439000,2023,0.008961171251382405,IRM
2023-05-04,55.4900016784668,56.25,54.939998626708984,55.63999938964844,54.4619026184082,1420400,2023,0.008519127436324547,IRM
2023-05-05,56.040000915527344,56.529998779296875,55.72999954223633,56.38999938964844,55.196022033691406,873800,2023,0.013479503652798819,IRM
2023-05-08,56.119998931884766,56.33000183105469,55.27000045776367,55.9900016784668,54.80449676513672,941100,2023,-0.007093360248238589,IRM
2023-05-09,55.849998474121094,55.95000076293945,55.5099983215332,55.779998779296875,54.59893798828125,1002800,2023,-0.0037507647910058894,IRM
2023-05-10,56.150001525878906,56.40999984741211,55.349998474121094,55.83000183105469,54.64788055419922,1498600,2023,0.0008964014268642018,IRM
2023-05-11,55.36000061035156,55.91999816894531,55.02000045776367,55.220001220703125,54.05080032348633,878500,2023,-0.010925954028916274,IRM
2023-05-12,55.290000915527344,55.5099983215332,54.41999816894531,55.09000015258789,53.92354965209961,795000,2023,-0.0023542791341689684,IRM
2023-05-15,55.220001220703125,55.86000061035156,55.130001068115234,55.65999984741211,54.48147964477539,809400,2023,0.010346685191820582,IRM
2023-05-16,55.83000183105469,55.970001220703125,54.33000183105469,54.349998474121094,53.19921875,789100,2023,-0.023535720819916395,IRM
2023-05-17,54.65999984741211,55.40999984741211,54.31999969482422,55.27000045776367,54.09973907470703,805000,2023,0.01692732235296268,IRM
2023-05-18,54.79999923706055,55.29999923706055,54.400001525878906,55.16999816894531,54.001853942871094,805400,2023,-0.0018093457290203618,IRM
2023-05-19,55.43000030517578,55.849998474121094,54.810001373291016,55.36000061035156,54.18783187866211,851200,2023,0.003443917610453928,IRM
2023-05-22,55.380001068115234,55.90999984741211,55.0099983215332,55.040000915527344,53.874610900878906,893100,2023,-0.005780282526980818,IRM
2023-05-23,54.7400016784668,54.91999816894531,54.349998474121094,54.709999084472656,53.55159378051758,1413000,2023,-0.005995720710737618,IRM
2023-05-24,54.61000061035156,54.61000061035156,53.40999984741211,53.45000076293945,52.318275451660156,1011700,2023,-0.02303046915675755,IRM
2023-05-25,53.720001220703125,54.08000183105469,53.15999984741211,53.709999084472656,52.57276916503906,1076400,2023,0.004864336815039838,IRM
2023-05-26,53.93000030517578,53.970001220703125,53.540000915527344,53.58000183105469,52.44552230834961,1300600,2023,-0.0024203947920261593,IRM
2023-05-30,53.75,53.869998931884766,53.369998931884766,53.400001525878906,52.26933288574219,1201900,2023,-0.003359475029565573,IRM
2023-05-31,53.47999954223633,53.66999816894531,52.81999969482422,53.41999816894531,52.28890609741211,8900000,2023,0.0003744683658524206,IRM
2023-06-01,53.47999954223633,53.47999954223633,52.84000015258789,53.150001525878906,52.02462387084961,1694700,2023,-0.005054269562842939,IRM
2023-06-02,53.66999816894531,55.310001373291016,53.40999984741211,55.22999954223633,54.060585021972656,1468400,2023,0.03913456743439969,IRM
2023-06-05,55.0,55.88999938964844,54.9900016784668,55.52000045776367,54.344444274902344,885700,2023,0.005250761766901313,IRM
2023-06-06,55.779998779296875,56.2400016784668,55.2400016784668,55.720001220703125,54.54021072387695,961000,2023,0.0036023268171503364,IRM
2023-06-07,55.83000183105469,56.47999954223633,55.459999084472656,56.36000061035156,55.16666030883789,946600,2023,0.011486013285362695,IRM
2023-06-08,56.130001068115234,56.130001068115234,55.25,55.83000183105469,54.64788055419922,1060200,2023,-0.009403863705622295,IRM
2023-06-09,55.900001525878906,56.18000030517578,55.4900016784668,56.06999969482422,54.88279724121094,1403300,2023,0.004298733722687187,IRM
2023-06-12,56.20000076293945,56.369998931884766,55.619998931884766,56.369998931884766,55.17644500732422,1974700,2023,0.005350451887914831,IRM
2023-06-13,56.27000045776367,56.79999923706055,56.220001220703125,56.380001068115234,55.18623733520508,1167400,2023,0.0001774729756431892,IRM
2023-06-14,56.099998474121094,56.849998474121094,55.93000030517578,56.720001220703125,56.13534927368164,933600,2023,0.0171983448103481,IRM
2023-06-15,56.16999816894531,57.209999084472656,55.9900016784668,57.15999984741211,56.5708122253418,1044700,2023,0.00775737493922235,IRM
2023-06-16,57.209999084472656,57.529998779296875,56.599998474121094,56.7599983215332,56.17493438720703,2380800,2023,-0.0069979168154390425,IRM
2023-06-20,56.58000183105469,56.66999816894531,55.2599983215332,55.45000076293945,54.878440856933594,1167200,2023,-0.02307957355743162,IRM
2023-06-21,55.08000183105469,55.630001068115234,54.790000915527344,55.54999923706055,54.97740936279297,866300,2023,0.0018034132222777277,IRM
2023-06-22,55.689998626708984,55.779998779296875,54.630001068115234,54.849998474121094,54.28462219238281,1022500,2023,-0.012601306217222663,IRM
2023-06-23,54.4900016784668,54.880001068115234,53.7400016784668,53.970001220703125,53.4136962890625,3362400,2023,-0.016043694662436492,IRM
2023-06-26,53.970001220703125,54.869998931884766,53.970001220703125,54.630001068115234,54.06689453125,997700,2023,0.0122290402568761,IRM
2023-06-27,54.91999816894531,55.95000076293945,54.619998931884766,55.7400016784668,55.16545104980469,1077200,2023,0.020318468964769743,IRM
2023-06-28,55.59000015258789,55.59000015258789,54.90999984741211,55.470001220703125,54.89823532104492,1321800,2023,-0.004843896382148993,IRM
2023-06-29,55.18000030517578,56.22999954223633,55.02000045776367,56.15999984741211,55.581119537353516,1200600,2023,0.012439092300783106,IRM
2023-06-30,56.7400016784668,57.13999938964844,56.029998779296875,56.81999969482422,56.234317779541016,2147700,2023,0.011752160583028859,IRM
2023-07-03,56.459999084472656,57.529998779296875,56.279998779296875,57.27000045776367,56.67967987060547,789800,2023,0.007919756274281431,IRM
2023-07-05,57.22999954223633,58.5,56.709999084472656,58.22999954223633,57.629783630371094,1595500,2023,0.016762687473440563,IRM
2023-07-06,57.380001068115234,58.58000183105469,57.08000183105469,58.27000045776367,57.66937255859375,1443700,2023,0.0006869525743247173,IRM
2023-07-07,57.959999084472656,58.380001068115234,57.70000076293945,57.95000076293945,57.3526725769043,1505000,2023,-0.005491649512359031,IRM
2023-07-10,57.939998626708984,58.81999969482422,57.68000030517578,58.77000045776367,58.16421890258789,1590300,2023,0.014150104767923333,IRM
2023-07-11,58.97999954223633,59.0,58.15999984741211,58.540000915527344,57.936588287353516,1302600,2023,-0.003913585010324017,IRM
2023-07-12,59.209999084472656,59.72999954223633,58.900001525878906,59.349998474121094,58.73823928833008,1664500,2023,0.013836696717461905,IRM
2023-07-13,59.45000076293945,59.5099983215332,58.58000183105469,59.11000061035156,58.50071334838867,1272300,2023,-0.004043804220542846,IRM
2023-07-14,58.88999938964844,59.529998779296875,58.68000030517578,59.5099983215332,58.89658737182617,1031300,2023,0.006766994807053894,IRM
2023-07-17,59.61000061035156,61.619998931884766,59.25,61.279998779296875,60.648345947265625,1906300,2023,0.029742955468374577,IRM
2023-07-18,61.220001220703125,62.06999969482422,61.040000915527344,61.83000183105469,61.19268035888672,2476800,2023,0.00897525568289037,IRM
2023-07-19,62.150001525878906,62.369998931884766,61.61000061035156,62.22999954223633,61.58855438232422,1281200,2023,0.006469303536235982,IRM
2023-07-20,62.0,62.150001525878906,61.06999969482422,61.9900016784668,61.35102844238281,1251900,2023,-0.003856657171508071,IRM
2023-07-21,62.20000076293945,62.20000076293945,61.54999923706055,61.88999938964844,61.25205612182617,1437100,2023,-0.001613213715717765,IRM
2023-07-24,61.959999084472656,62.279998779296875,61.70000076293945,62.150001525878906,61.50938034057617,1107700,2023,0.0042010707075399445,IRM
2023-07-25,62.099998474121094,62.43000030517578,61.790000915527344,62.06999969482422,61.43020248413086,1552500,2023,-0.0012872484815633634,IRM
2023-07-26,62.060001373291016,62.84000015258789,62.060001373291016,62.43000030517578,61.78649139404297,1304700,2023,0.00579989802254266,IRM
2023-07-27,62.61000061035156,62.880001068115234,60.900001525878906,61.08000183105469,60.450408935546875,1382800,2023,-0.021624183998007473,IRM
2023-07-28,61.560001373291016,61.7400016784668,60.43000030517578,60.560001373291016,59.935768127441406,798600,2023,-0.008513437992689,IRM
2023-07-31,60.650001525878906,61.41999816894531,60.45000076293945,61.400001525878906,60.76710891723633,3219500,2023,0.013870528663739501,IRM
2023-08-01,61.16999816894531,61.91999816894531,61.119998931884766,61.779998779296875,61.143192291259766,1299100,2023,0.006188929845842406,IRM
2023-08-02,61.59000015258789,61.75,60.91999816894531,61.63999938964844,61.004634857177734,1403900,2023,-0.002266113836876582,IRM
2023-08-03,59.369998931884766,61.349998474121094,58.310001373291016,59.79999923706055,59.18360137939453,2066900,2023,-0.029850739735538978,IRM
2023-08-04,59.70000076293945,61.189998626708984,59.650001525878906,60.91999816894531,60.29205322265625,1230900,2023,0.018729036716708558,IRM
2023-08-07,60.939998626708984,61.900001525878906,60.93000030517578,61.43000030517578,60.79679870605469,1129900,2023,0.008371675144889013,IRM
2023-08-08,61.09000015258789,61.2599983215332,60.2400016784668,60.77000045776367,60.14360427856445,1704900,2023,-0.010743895096324896,IRM
2023-08-09,60.599998474121094,61.47999954223633,60.34000015258789,60.91999816894531,60.29205322265625,1279600,2023,0.0024682415673698,IRM
2023-08-10,61.150001525878906,61.65999984741211,60.84000015258789,61.0,60.37123107910156,1069100,2023,0.001313238680940465,IRM
2023-08-11,60.970001220703125,61.09000015258789,60.150001525878906,60.470001220703125,59.84669494628906,1176400,2023,-0.008688511455484882,IRM
2023-08-14,60.220001220703125,60.599998474121094,60.08000183105469,60.209999084472656,59.58937454223633,1259500,2023,-0.00429965939278143,IRM
2023-08-15,59.970001220703125,60.13999938964844,59.56999969482422,59.66999816894531,59.05493927001953,1137600,2023,-0.00896863369220291,IRM
2023-08-16,59.70000076293945,60.0,59.08000183105469,59.27000045776367,58.65906524658203,1156700,2023,-0.006703487097453942,IRM
2023-08-17,59.189998626708984,59.91999816894531,58.529998779296875,58.560001373291016,57.956382751464844,959300,2023,-0.011979094657634914,IRM
2023-08-18,58.09000015258789,59.209999084472656,58.029998779296875,59.11000061035156,58.50071334838867,772100,2023,0.009392073333114759,IRM
2023-08-21,59.2599983215332,59.279998779296875,58.099998474121094,58.560001373291016,57.956382751464844,919500,2023,-0.009304683067404396,IRM
2023-08-22,59.5099983215332,60.220001220703125,59.5,59.540000915527344,58.9262809753418,1330600,2023,0.016734968226643554,IRM
2023-08-23,59.849998474121094,61.22999954223633,59.79999923706055,61.060001373291016,60.43061447143555,1190000,2023,0.025529075841783655,IRM
2023-08-24,61.08000183105469,61.77000045776367,60.540000915527344,60.540000915527344,59.91597366333008,1019700,2023,-0.00851622662795748,IRM
2023-08-25,60.709999084472656,61.459999084472656,60.43000030517578,61.16999816894531,60.53947830200195,699800,2023,0.010406317390006414,IRM
2023-08-28,61.25,62.15999984741211,61.25,62.04999923706055,61.41040802001953,1329400,2023,0.014386145081609847,IRM
2023-08-29,62.04999923706055,62.709999084472656,61.630001068115234,62.630001068115234,61.984432220458984,915600,2023,0.009347343861521473,IRM
2023-08-30,62.650001525878906,63.7400016784668,62.61000061035156,63.349998474121094,62.69700622558594,1013900,2023,0.011496015686528471,IRM
2023-08-31,63.38999938964844,63.7400016784668,63.25,63.540000915527344,62.88505172729492,1444800,2023,0.0029992740168867105,IRM
2023-09-01,63.77000045776367,64.19999694824219,63.099998474121094,63.61000061035156,62.95433044433594,759400,2023,0.0011016722597516626,IRM
2023-09-05,63.52000045776367,63.61000061035156,62.970001220703125,63.279998779296875,62.62773132324219,1167700,2023,-0.0051878737934084596,IRM
2023-09-06,63.2400016784668,64.11000061035156,63.029998779296875,64.0199966430664,63.36009979248047,1348100,2023,0.011693996473515655,IRM
2023-09-07,64.05999755859375,64.37000274658203,63.400001525878906,63.650001525878906,62.993919372558594,1308400,2023,-0.005779353585635194,IRM
2023-09-08,63.650001525878906,63.88999938964844,62.66999816894531,62.68000030517578,62.03391647338867,1312600,2023,-0.015239612151964566,IRM
2023-09-11,62.869998931884766,63.11000061035156,62.13999938964844,63.0099983215332,62.360511779785156,1086900,2023,0.0052647861841286225,IRM
2023-09-12,62.779998779296875,63.189998626708984,62.599998474121094,63.150001525878906,62.49907302856445,1301900,2023,0.002221938929375611,IRM
2023-09-13,63.09000015258789,63.439998626708984,62.75,63.060001373291016,62.40999984741211,1450100,2023,-0.0014251920362344794,IRM
2023-09-14,62.900001525878906,64.05999755859375,62.599998474121094,63.81999969482422,63.81999969482422,1673800,2023,0.022592530858187132,IRM
2023-09-15,63.40999984741211,63.63999938964844,62.58000183105469,62.849998474121094,62.849998474121094,4227800,2023,-0.015199016379528363,IRM
2023-09-18,62.880001068115234,63.16999816894531,62.560001373291016,63.06999969482422,63.06999969482422,1251100,2023,0.00350041727994177,IRM
2023-09-19,63.09000015258789,63.209999084472656,62.52000045776367,63.04999923706055,63.04999923706055,1686700,2023,-0.00031711523482558235,IRM
2023-09-20,63.40999984741211,64.4800033569336,62.869998931884766,63.45000076293945,63.45000076293945,2239800,2023,0.006344195570485933,IRM
2023-09-21,62.93000030517578,62.9900016784668,61.470001220703125,61.709999084472656,61.709999084472656,1959400,2023,-0.027423193972333504,IRM
2023-09-22,61.79999923706055,62.63999938964844,61.779998779296875,61.88999938964844,61.88999938964844,1293300,2023,0.0029168742156255867,IRM
2023-09-25,61.599998474121094,61.939998626708984,61.31999969482422,61.38999938964844,61.38999938964844,1469700,2023,-0.008078849651493636,IRM
2023-09-26,61.119998931884766,61.290000915527344,59.810001373291016,59.880001068115234,59.880001068115234,1869400,2023,-0.02459681277970205,IRM
2023-09-27,60.060001373291016,60.560001373291016,58.970001220703125,58.9900016784668,58.9900016784668,1872000,2023,-0.014863048994204875,IRM
2023-09-28,59.08000183105469,60.04999923706055,58.939998626708984,59.869998931884766,59.869998931884766,1827400,2023,0.014917735690439748,IRM
2023-09-29,60.66999816894531,60.959999084472656,59.36000061035156,59.45000076293945,59.45000076293945,1682000,2023,-0.007015169140442978,IRM
2023-10-02,59.29999923706055,59.650001525878906,58.130001068115234,58.66999816894531,58.66999816894531,2019000,2023,-0.013120312598555728,IRM
2023-10-03,58.290000915527344,58.790000915527344,57.029998779296875,57.22999954223633,57.22999954223633,1601100,2023,-0.02454403735555577,IRM
2023-10-04,57.470001220703125,57.720001220703125,56.75,57.689998626708984,57.689998626708984,1314300,2023,0.008037726509733334,IRM
2023-10-05,57.68000030517578,57.97999954223633,57.15999984741211,57.29999923706055,57.29999923706055,1108000,2023,-0.006760259991891893,IRM
2023-10-06,57.029998779296875,58.5,56.5099983215332,58.08000183105469,58.08000183105469,1664900,2023,0.013612610896679644,IRM
2023-10-09,57.72999954223633,59.29999923706055,57.619998931884766,59.290000915527344,59.290000915527344,1033900,2023,0.020833316913321465,IRM
2023-10-10,59.29999923706055,60.16999816894531,59.0,59.68000030517578,59.68000030517578,1333900,2023,0.00657782735075485,IRM
2023-10-11,60.130001068115234,60.88999938964844,59.65999984741211,60.83000183105469,60.83000183105469,1401000,2023,0.019269462466459997,IRM
2023-10-12,60.79999923706055,60.90999984741211,59.59000015258789,60.5,60.5,1186700,2023,-0.005424984729923477,IRM
2023-10-13,60.81999969482422,60.81999969482422,59.54999923706055,60.29999923706055,60.29999923706055,923300,2023,-0.003305797734536431,IRM
2023-10-16,60.72999954223633,61.779998779296875,60.290000915527344,61.66999816894531,61.66999816894531,1278500,2023,0.022719717234138237,IRM
2023-10-17,61.16999816894531,62.33000183105469,61.0,61.689998626708984,61.689998626708984,1221100,2023,0.0003243142266500243,IRM
2023-10-18,61.34000015258789,61.439998626708984,59.9900016784668,59.9900016784668,59.9900016784668,3345400,2023,-0.027557091685623147,IRM
2023-10-19,59.81999969482422,61.0,59.529998779296875,59.75,59.75,1526500,2023,-0.004000694644970215,IRM
2023-10-20,60.029998779296875,60.400001525878906,59.15999984741211,59.220001220703125,59.220001220703125,1640800,2023,-0.008870272456851458,IRM
2023-10-23,58.97999954223633,59.63999938964844,58.5099983215332,59.060001373291016,59.060001373291016,1354900,2023,-0.0027017873035127815,IRM
2023-10-24,59.380001068115234,59.900001525878906,59.13999938964844,59.650001525878906,59.650001525878906,2047400,2023,0.009989843191143377,IRM
2023-10-25,59.13999938964844,59.45000076293945,58.310001373291016,58.369998931884766,58.369998931884766,1061800,2023,-0.021458550901106266,IRM
2023-10-26,58.630001068115234,59.36000061035156,58.630001068115234,59.02000045776367,59.02000045776367,1695600,2023,0.011135883806292934,IRM
2023-10-27,59.29999923706055,59.29999923706055,57.900001525878906,58.220001220703125,58.220001220703125,2172800,2023,-0.013554714179188299,IRM
2023-10-30,58.560001373291016,58.9900016784668,57.869998931884766,58.290000915527344,58.290000915527344,1580800,2023,0.0012023307000434968,IRM
2023-10-31,58.66999816894531,59.25,57.97999954223633,59.06999969482422,59.06999969482422,1984800,2023,0.013381347864914739,IRM
2023-11-01,59.16999816894531,59.65999984741211,58.810001373291016,59.65999984741211,59.65999984741211,2320600,2023,0.009988152287726981,IRM
2023-11-02,60.33000183105469,60.5,57.36000061035156,59.349998474121094,59.349998474121094,3734600,2023,-0.005196134329263913,IRM
2023-11-03,60.130001068115234,62.56999969482422,60.130001068115234,61.75,61.75,2323900,2023,0.04043810594073394,IRM
2023-11-06,61.68000030517578,61.68000030517578,59.939998626708984,60.25,60.25,1924200,2023,-0.02429149797570851,IRM
2023-11-07,59.54999923706055,59.720001220703125,58.54999923706055,59.16999816894531,59.16999816894531,1928400,2023,-0.017925341594268618,IRM
2023-11-08,59.310001373291016,59.63999938964844,58.95000076293945,59.529998779296875,59.529998779296875,1885400,2023,0.006084174775934148,IRM
2023-11-09,59.66999816894531,59.66999816894531,58.59000015258789,58.869998931884766,58.869998931884766,1222900,2023,-0.011086844632048676,IRM
2023-11-10,59.41999816894531,59.5099983215332,58.91999816894531,59.439998626708984,59.439998626708984,839200,2023,0.009682345934534986,IRM
2023-11-13,59.029998779296875,59.290000915527344,58.54999923706055,59.099998474121094,59.099998474121094,1325500,2023,-0.005720056535047036,IRM
2023-11-14,60.33000183105469,62.61000061035156,59.83000183105469,61.880001068115234,61.880001068115234,1693500,2023,0.04703896219576831,IRM
2023-11-15,61.90999984741211,62.630001068115234,61.88999938964844,62.189998626708984,62.189998626708984,2181700,2023,0.0050096566458122105,IRM
2023-11-16,62.2400016784668,62.42499923706055,61.59000015258789,61.86000061035156,61.86000061035156,569760,2023,-0.0053062875646325836,IRM
